[2026/06/22 19:04:25   INFO]           [HytaleServer] Starting HytaleServer
[2026/06/22 19:04:25   INFO]           [HytaleServer] Loading config...
[2026/06/22 19:04:25   INFO]           [HytaleServer] Authentication mode: AUTHENTICATED
[2026/06/22 19:04:25   INFO]      [ServerAuthManager] No server tokens configured. Use /auth login to authenticate, or provide tokens via CLI/environment.
[2026/06/22 19:04:25   INFO]      [ServerAuthManager] Server session ID: 0b1968c9-5870-417e-8240-e4a4f1193ee9
[2026/06/22 19:04:26   INFO]           [HytaleServer] Booting up HytaleServer - Version: 0.5.6, Revision: 5ea7c2639aeec92d630569c2bd176051665d263c
[2026/06/22 19:04:26   INFO]           [HytaleServer] Setup phase...
[2026/06/22 19:04:26   INFO]          [PluginManager] Loading pending core plugins!
[2026/06/22 19:04:26   INFO]          [PluginManager] - Hytale:ConsoleModule
[2026/06/22 19:04:26   INFO]          [PluginManager] - Hytale:PermissionsModule
[2026/06/22 19:04:26   INFO]          [PluginManager] - Hytale:UpdateModule
[2026/06/22 19:04:26   INFO]          [PluginManager] - Hytale:LiveConfigModule
[2026/06/22 19:04:26   INFO]          [PluginManager] - Hytale:FlyCameraModule
[2026/06/22 19:04:26   INFO]          [PluginManager] - Hytale:AssetModule
[2026/06/22 19:04:26   INFO]          [PluginManager] - Hytale:CommonAssetModule
[2026/06/22 19:04:26   INFO]          [PluginManager] - Hytale:CosmeticsModule
[2026/06/22 19:04:26   INFO]          [PluginManager] - Hytale:ServerManager
[2026/06/22 19:04:26   INFO]          [PluginManager] - Hytale:I18nModule
[2026/06/22 19:04:26   INFO]          [PluginManager] - Hytale:ItemModule
[2026/06/22 19:04:26   INFO]          [PluginManager] - Hytale:BlockTypeModule
[2026/06/22 19:04:26   INFO]          [PluginManager] - Hytale:LegacyModule
[2026/06/22 19:04:26   INFO]          [PluginManager] - Hytale:BlockModule
[2026/06/22 19:04:26   INFO]          [PluginManager] - Hytale:CollisionModule
[2026/06/22 19:04:26   INFO]          [PluginManager] - Hytale:BlockSetModule
[2026/06/22 19:04:26   INFO]          [PluginManager] - Hytale:MigrationModule
[2026/06/22 19:04:26   INFO]          [PluginManager] - Hytale:BlockHealthModule
[2026/06/22 19:04:26   INFO]          [PluginManager] - Hytale:PrefabSpawnerModule
[2026/06/22 19:04:26   INFO]          [PluginManager] - Hytale:TimeModule
[2026/06/22 19:04:26   INFO]          [PluginManager] - Hytale:AnchorActionModule
[2026/06/22 19:04:26   INFO]          [PluginManager] - Hytale:InteractionModule
[2026/06/22 19:04:26   INFO]          [PluginManager] - Hytale:EntityModule
[2026/06/22 19:04:26   INFO]          [PluginManager] - Hytale:EntityStatsModule
[2026/06/22 19:04:26   INFO]          [PluginManager] - Hytale:EntityUIModule
[2026/06/22 19:04:26   INFO]          [PluginManager] - Hytale:DamageModule
[2026/06/22 19:04:26   INFO]          [PluginManager] - Hytale:SplitVelocity
[2026/06/22 19:04:26   INFO]          [PluginManager] - Hytale:StaminaModule
[2026/06/22 19:04:26   INFO]          [PluginManager] - Hytale:DebugPlugin
[2026/06/22 19:04:26   INFO]          [PluginManager] - Hytale:ProjectileModule
[2026/06/22 19:04:26   INFO]          [PluginManager] - Hytale:ServerPlayerListModule
[2026/06/22 19:04:26   INFO]          [PluginManager] - Hytale:VoiceModule
[2026/06/22 19:04:26   INFO]          [PluginManager] - Hytale:AccessControlModule
[2026/06/22 19:04:26   INFO]          [PluginManager] - Hytale:SingleplayerModule
[2026/06/22 19:04:26   INFO]          [PluginManager] - Hytale:Universe
[2026/06/22 19:04:26   INFO]          [PluginManager] - Hytale:TelemetryModule
[2026/06/22 19:04:26   INFO]          [PluginManager] - Hytale:ConnectedBlocksModule
[2026/06/22 19:04:26   INFO]          [PluginManager] - Hytale:DiscoveryModule
[2026/06/22 19:04:26   INFO]          [PluginManager] Loading pending classpath plugins!
[2026/06/22 19:04:26   INFO]          [PluginManager] - Hytale:AssetEditor
[2026/06/22 19:04:26   INFO]          [PluginManager] - Hytale:BlockSpawner
[2026/06/22 19:04:26   INFO]          [PluginManager] - Hytale:BlockTick
[2026/06/22 19:04:26   INFO]          [PluginManager] - Hytale:BlockPhysics
[2026/06/22 19:04:26   INFO]          [PluginManager] - Hytale:BuilderTools
[2026/06/22 19:04:26   INFO]          [PluginManager] - Hytale:Crafting
[2026/06/22 19:04:26   INFO]          [PluginManager] - Hytale:CommandMacro
[2026/06/22 19:04:26   INFO]          [PluginManager] - Hytale:Instances
[2026/06/22 19:04:26   INFO]          [PluginManager] - Hytale:LANDiscovery
[2026/06/22 19:04:26   INFO]          [PluginManager] - Hytale:NPC
[2026/06/22 19:04:26   INFO]          [PluginManager] - Hytale:NPCObjectives
[2026/06/22 19:04:26   INFO]          [PluginManager] - Hytale:ObjectiveReputation
[2026/06/22 19:04:26   INFO]          [PluginManager] - Hytale:Objectives
[2026/06/22 19:04:26   INFO]          [PluginManager] - Hytale:ObjectiveShop
[2026/06/22 19:04:26   INFO]          [PluginManager] - Hytale:Path
[2026/06/22 19:04:26   INFO]          [PluginManager] - Hytale:Reputation
[2026/06/22 19:04:26   INFO]          [PluginManager] - Hytale:NPCReputation
[2026/06/22 19:04:26   INFO]          [PluginManager] - Hytale:Shop
[2026/06/22 19:04:26   INFO]          [PluginManager] - Hytale:ShopReputation
[2026/06/22 19:04:26   INFO]          [PluginManager] - Hytale:NPCShop
[2026/06/22 19:04:26   INFO]          [PluginManager] - Hytale:NPCEditor
[2026/06/22 19:04:26   INFO]          [PluginManager] - Hytale:Stash
[2026/06/22 19:04:26   INFO]          [PluginManager] - Hytale:TagSet
[2026/06/22 19:04:26   INFO]          [PluginManager] - Hytale:Teleport
[2026/06/22 19:04:26   INFO]          [PluginManager] - Hytale:Fluid
[2026/06/22 19:04:26   INFO]          [PluginManager] - Hytale:Weather
[2026/06/22 19:04:26   INFO]          [PluginManager] - Hytale:WorldGen
[2026/06/22 19:04:26   INFO]          [PluginManager] - Hytale:Farming
[2026/06/22 19:04:26   INFO]          [PluginManager] - Hytale:Camera
[2026/06/22 19:04:26   INFO]          [PluginManager] - Hytale:WorldLocationCondition
[2026/06/22 19:04:26   INFO]          [PluginManager] - Hytale:NPCCombatActionEvaluator
[2026/06/22 19:04:26   INFO]          [PluginManager] - Hytale:Model
[2026/06/22 19:04:26   INFO]          [PluginManager] - Hytale:Mantling
[2026/06/22 19:04:26   INFO]          [PluginManager] - Hytale:SafetyRoll
[2026/06/22 19:04:26   INFO]          [PluginManager] - Hytale:SprintForce
[2026/06/22 19:04:26   INFO]          [PluginManager] - Hytale:CrouchSlide
[2026/06/22 19:04:26   INFO]          [PluginManager] - Hytale:FallingBlocks
[2026/06/22 19:04:26   INFO]          [PluginManager] - Hytale:Parkour
[2026/06/22 19:04:26   INFO]          [PluginManager] - Hytale:Mounts
[2026/06/22 19:04:26   INFO]          [PluginManager] - Hytale:HytaleGenerator
[2026/06/22 19:04:26   INFO]          [PluginManager] - Hytale:Teleporter
[2026/06/22 19:04:26   INFO]          [PluginManager] - Hytale:Memories
[2026/06/22 19:04:26   INFO]          [PluginManager] - Hytale:Deployables
[2026/06/22 19:04:26   INFO]          [PluginManager] - Hytale:Portals
[2026/06/22 19:04:26   INFO]          [PluginManager] - Hytale:Beds
[2026/06/22 19:04:26   INFO]          [PluginManager] - Hytale:Ambience
[2026/06/22 19:04:26   INFO]          [PluginManager] - Hytale:Audio
[2026/06/22 19:04:26   INFO]          [PluginManager] - Hytale:CreativeHub
[2026/06/22 19:04:26   INFO]          [PluginManager] - Hytale:RandomTick
[2026/06/22 19:04:26   INFO]          [PluginManager] - Hytale:TriggerVolumes
[2026/06/22 19:04:26   INFO]          [PluginManager] - Hytale:Locate
[2026/06/22 19:04:26   INFO]          [PluginManager] Loading pending plugins from directory: C:\Users\Ross\Desktop\DruidFormsV1\src\main
[2026/06/22 19:04:26   INFO]       [TelemetryStorage] Created telemetry storage directory: C:\Users\Ross\Desktop\DruidFormsV1\telemetry
[2026/06/22 19:04:26   INFO]       [TelemetryStorage] Opened telemetry session file: telemetry\2026-06-22_19-04-26_7fab7107.jsonl
[2026/06/22 19:04:26   INFO]       [TelemetryService] Telemetry service initialized with session ID: 7fab7107-370f-4776-8d46-567dd66cab62
[2026/06/22 19:04:27   INFO]          [AssetModule|P] Asset monitor enabled!
[2026/06/22 19:04:27   INFO]          [AssetModule|P] Loaded pack: Hytale:Hytale from Assets.zip
[2026/06/22 19:04:27   INFO]          [AssetModule|P] Loading packs from directory: mods
[2026/06/22 19:04:27   INFO]          [AssetModule|P] Loading packs from directory: C:\Users\Ross\Desktop\DruidFormsV1\src\main
[2026/06/22 19:04:27   WARN]          [AssetModule|P] Skipping pack at java: missing or invalid manifest.json
[2026/06/22 19:04:27   WARN]         [PluginManifest] Manifest ServerVersion '2026.03.26-89796e57b' is in the pre-semver YYYY.MM.DD-<sha> format. Treated as wildcard for backward compatibility. Update to a SemverRange.
[2026/06/22 19:04:27   INFO]          [AssetModule|P] Loaded pack: druid:Druid Forms from resources
[2026/06/22 19:04:27   INFO]        [ConsoleModule|P] Setup console with type: dumb-color
[2026/06/22 19:04:28   INFO]      [ServerAuthManager] Server certificate set: CN=localhost
[2026/06/22 19:04:28   INFO]          [QUICTransport] Server certificate registered for mutual auth, fingerprint: YzezpuT3oCn82F42un6_wTDhBXB8reaNrC4n0fRnZao
[2026/06/22 19:04:28   INFO]          [QUICTransport] Using IPv4 Datagram Channel: NioDatagramChannel(INET)...
[2026/06/22 19:04:28   INFO]          [QUICTransport] Using IPv6 Datagram Channel: NioDatagramChannel(INET6)...
[2026/06/22 19:04:28   INFO]        [ServerManager|P] Took 1sec 670ms 659us 800ns to setup transport!
[2026/06/22 19:04:29   INFO]           [I18nModule|P] Loaded 9969 bundled default translations from /bundledDefaults/server.lang
[2026/06/22 19:04:29   INFO]       [TelemetryService] Telemetry enabled
[2026/06/22 19:04:29   INFO]        [TelemetryModule] Server telemetry is enabled
[2026/06/22 19:04:29   INFO]          [VoiceModule|P] [Voice] Registered voice stream handler
[2026/06/22 19:04:29   INFO]          [VoiceModule|P] [Voice] VoiceModule initialized (maxDistance=32.0, refDistance=4.0, enabled=true, voiceStreamSupported=true)
[2026/06/22 19:04:31   INFO]      [ServerAuthManager] Auth credential store: Encrypted
[2026/06/22 19:04:31   INFO]           [HytaleServer] Setup phase completed! Boot time 6sec 147ms 945us 200ns
[2026/06/22 19:04:31   INFO]                 [Hytale] Loading common assets from: /
[2026/06/22 19:04:31   INFO]    [CommonAssetModule|P] Took 188ms 416us 300ns to load 24914 assets from CommonAssetsIndex.hashes file.
[2026/06/22 19:04:31   WARN]    [CommonAssetModule|P] Duplicated Asset Count: 919
[2026/06/22 19:04:31   INFO]                 [Hytale] Loading common assets phase completed! Boot time 6sec 337ms 203us 200ns, Took 188ms 912us 100ns
[2026/06/22 19:04:31   INFO]                 [Hytale] Loading common assets from: C:\Users\Ross\Desktop\DruidFormsV1\src\main\resources
[2026/06/22 19:04:31   INFO]    [CommonAssetModule|P] Took 13ms 138us 700ns to walk file tree and load 31 assets.
[2026/06/22 19:04:31   WARN]    [CommonAssetModule|P] Duplicated Asset Count: 921
[2026/06/22 19:04:31   INFO]                 [Hytale] Loading common assets phase completed! Boot time 6sec 357ms 562us 900ns, Took 20ms 72us 600ns
[2026/06/22 19:04:31   INFO]           [I18nModule|P] Loaded 9514 entries for 'zh-CN' from /Server/Languages
[2026/06/22 19:04:31   INFO]           [I18nModule|P] Loaded 9456 entries for 'uk-UA' from /Server/Languages
[2026/06/22 19:04:31   INFO]           [I18nModule|P] Loaded 8720 entries for 'ru-RU' from /Server/Languages
[2026/06/22 19:04:31   INFO]           [I18nModule|P] Loaded 9513 entries for 'pt-BR' from /Server/Languages
[2026/06/22 19:04:31   INFO]           [I18nModule|P] Loaded 9993 entries for 'en-US' from /Server/Languages
[2026/06/22 19:04:31   INFO]           [I18nModule|P] Loaded 51 entries from /Server/Languages/fallback.lang
[2026/06/22 19:04:31   INFO]           [I18nModule|P] Loaded 2 entries for 'en-US' from C:\Users\Ross\Desktop\DruidFormsV1\src\main\resources\Server\Languages
[2026/06/22 19:04:31   INFO]    [AssetRegistryLoader] Loading 100 asset stores...
[2026/06/22 19:04:31   INFO]    [AssetRegistryLoader] Pre-adding assets...
[2026/06/22 19:04:31   INFO]      [CollisionModule|P] Block extents for CollisionSystem is Max=0.0, Min=0.0
[2026/06/22 19:04:31   INFO]           [ItemModule|P] Computed damage data for 0 of 0 weapon items
[2026/06/22 19:04:31   INFO]                 [Hytale] Loading assets from: /Server
[2026/06/22 19:04:31   INFO]    [AssetRegistryLoader] Loading assets from /Server
[2026/06/22 19:04:32   WARN]        [HytaleGenerator] Duplicate export name for asset: Spawns
[2026/06/22 19:04:32   WARN] [AssetStore|WorldStructureAsset] Unused key(s) in 'Interpolation' file /Server/HytaleGenerator/WorldStructures/Dev/Interpolation.json: BiomeTransitions
[2026/06/22 19:04:32   WARN]                [HytaleGenerator] Duplicate export name for asset: Spawns
[2026/06/22 19:04:32   WARN]               [MacroCommandBase] Could not parse default argument value for argument: 'world' on Macro Command: 'settimeandgohome'.
No such world 'Default'.
No such world 'Default'.
[2026/06/22 19:04:32   WARN]  [AssetStore|ScriptedBrushAsset] Unused key(s) in 'ReplaceWaterExample' file /Server/ScriptedBrushes/Examples/ReplaceWaterExample.json: Description
[2026/06/22 19:04:32   WARN]  [AssetStore|ScriptedBrushAsset] Unused key(s) in 'FluidMaskExample' file /Server/ScriptedBrushes/Examples/FluidMaskExample.json: Description
[2026/06/22 19:04:32   WARN]  [AssetStore|ScriptedBrushAsset] Asset key 'templeRandom' for file '/Server/ScriptedBrushes/Archive/templeRandom.json' has incorrect format! Expected: 'TempleRandom'
[2026/06/22 19:04:32   WARN]  [AssetStore|ScriptedBrushAsset] Asset key 'templeFloor' for file '/Server/ScriptedBrushes/Archive/templeFloor.json' has incorrect format! Expected: 'TempleFloor'
[2026/06/22 19:04:32   WARN]  [AssetStore|ScriptedBrushAsset] Asset key 'templePillars' for file '/Server/ScriptedBrushes/Archive/templePillars.json' has incorrect format! Expected: 'TemplePillars'
[2026/06/22 19:04:32   WARN]  [AssetStore|ScriptedBrushAsset] Asset key 'moltenBall' for file '/Server/ScriptedBrushes/Archive/moltenBall.json' has incorrect format! Expected: 'MoltenBall'
[2026/06/22 19:04:32   WARN]  [AssetStore|ScriptedBrushAsset] Asset key 'templeDestruction' for file '/Server/ScriptedBrushes/Archive/templeDestruction.json' has incorrect format! Expected: 'TempleDestruction'
[2026/06/22 19:04:32   WARN]  [AssetStore|ScriptedBrushAsset] Unused key(s) in 'Walls-Floors' file /Server/ScriptedBrushes/Archive/Walls-Floors.json: Operations.0.Offset
[2026/06/22 19:04:32   WARN]  [AssetStore|ScriptedBrushAsset] Asset key 'keepDestruction' for file '/Server/ScriptedBrushes/Archive/keepDestruction.json' has incorrect format! Expected: 'KeepDestruction'
[2026/06/22 19:04:32   WARN]  [AssetStore|ScriptedBrushAsset] Asset key 'templeWalls' for file '/Server/ScriptedBrushes/Archive/templeWalls.json' has incorrect format! Expected: 'TempleWalls'
[2026/06/22 19:04:32   WARN]  [AssetStore|ScriptedBrushAsset] Asset key 'MountainBrush_old' for file '/Server/ScriptedBrushes/Archive/MountainBrush_old.json' has incorrect format! Expected: 'MountainBrush_Old'
[2026/06/22 19:04:32   WARN]  [AssetStore|ScriptedBrushAsset] Asset key 'BoulderBrush_old' for file '/Server/ScriptedBrushes/Archive/BoulderBrush_old.json' has incorrect format! Expected: 'BoulderBrush_Old'
[2026/06/22 19:04:32   WARN]     [AssetStore|PrefabListAsset] Asset key 'Trees_Fir_red' for file '/Server/PrefabList/Trees_Fir_red.json' has incorrect format! Expected: 'Trees_Fir_Red'
[2026/06/22 19:04:32   WARN]     [AssetStore|PrefabListAsset] Asset key 'Trees_Burnt_dead' for file '/Server/PrefabList/Trees_Burnt_dead.json' has incorrect format! Expected: 'Trees_Burnt_Dead'
[2026/06/22 19:04:32   WARN]     [AssetStore|PrefabListAsset] Asset key 'Trees_Ash_twisted_Large' for file '/Server/PrefabList/Trees_Ash_twisted_Large.json' has incorrect format! Expected: 'Trees_Ash_Twisted_Large'
[2026/06/22 19:04:32   WARN]     [AssetStore|PrefabListAsset] Asset key 'Trees_Ash_twisted_Giant' for file '/Server/PrefabList/Trees_Ash_twisted_Giant.json' has incorrect format! Expected: 'Trees_Ash_Twisted_Giant'
[2026/06/22 19:04:32   WARN]     [AssetStore|PrefabListAsset] Asset key 'Trees_Ash_twisted' for file '/Server/PrefabList/Trees_Ash_twisted.json' has incorrect format! Expected: 'Trees_Ash_Twisted'
[2026/06/22 19:04:32   WARN]     [AssetStore|PrefabListAsset] Asset key 'Trees_Ash_swamp' for file '/Server/PrefabList/Trees_Ash_swamp.json' has incorrect format! Expected: 'Trees_Ash_Swamp'
[2026/06/22 19:04:32   WARN]     [AssetStore|PrefabListAsset] Asset key 'Trees_Ash_swamp_dead' for file '/Server/PrefabList/Trees_Ash_swamp_dead.json' has incorrect format! Expected: 'Trees_Ash_Swamp_Dead'
[2026/06/22 19:04:32   WARN]      [AssetStore|ParticleSystem] Unused key(s) in 'Potion_Health_Implosion' file /Server/Particles/Status_Effect/Potion_Health/Potion_Health_Implosion.particlesystem: Spawners.0.Scale
[2026/06/22 19:04:32   WARN]      [AssetStore|ParticleSystem] Unused key(s) in 'Potion_Stamina_Burst' file /Server/Particles/Status_Effect/Potion_Stamina/Potion_Stamina_Burst.particlesystem: Spawners.0.Scale
[2026/06/22 19:04:32   WARN]      [AssetStore|ParticleSystem] Unused key(s) in 'Potion_Morph_Burst' file /Server/Particles/Status_Effect/Potion_Morph/Potion_Morph_Burst.particlesystem: Spawners.0.Scale
[2026/06/22 19:04:32   WARN]  [AssetStore|TriggerEffectAsset] Asset key 'sample_bounce_pad' for file '/Server/TriggerVolumes/Effects/sample_bounce_pad.json' has incorrect format! Expected: 'Sample_Bounce_Pad'
[2026/06/22 19:04:32   WARN]  [AssetStore|TriggerEffectAsset] Unused key(s) in 'sample_bounce_pad' file /Server/TriggerVolumes/Effects/sample_bounce_pad.json: Effects.0.Type, Effects.1.Type, Effects.2.Type
[2026/06/22 19:04:32   WARN]          [AssetStore|BiomeAsset] Unused key(s) in 'Volcanic1_Jungle' file /Server/HytaleGenerator/Biomes/Volcanic1/Volcanic1_Jungle.json: Props.1.Positions.OffsetX, Props.1.Positions.OffsetY, Props.1.Positions.OffsetZ, Props.2.Positions.OffsetX, Props.2.Positions.OffsetY, Props.2.Positions.OffsetZ, Props.3.Positions.OffsetX, Props.3.Positions.OffsetY, Props.3.Positions.OffsetZ
[2026/06/22 19:04:32   WARN]                [HytaleGenerator] Duplicate export name for asset: River-Boulders-Mask
[2026/06/22 19:04:32   WARN]                [HytaleGenerator] Duplicate export name for asset: River-Boulders-Mask
[2026/06/22 19:04:32   WARN]                [HytaleGenerator] Duplicate export name for asset: River-Boulders-Mask
[2026/06/22 19:04:32   WARN]                [HytaleGenerator] Duplicate export name for asset: River-Boulders-Mask
[2026/06/22 19:04:32 SEVERE]                           [SERR] Reallocate: 131072 to 1179648
[2026/06/22 19:04:32   WARN]                [HytaleGenerator] Duplicate export name for asset: River-Boulders-Mask
[2026/06/22 19:04:32 SEVERE]                           [SERR] Reallocate: 131072 to 1179648
[2026/06/22 19:04:32   WARN]                [HytaleGenerator] Duplicate export name for asset: Taiga1_Rewood_Trees_Mask
[2026/06/22 19:04:32   WARN]                [HytaleGenerator] Duplicate export name for asset: Plains1-Gorges-BaseTerrain
[2026/06/22 19:04:32   WARN]          [AssetStore|BiomeAsset] Unused key(s) in 'Plains1_Deeproot' file /Server/HytaleGenerator/Biomes/Plains1/Plains1_Deeproot.json: Props.5.Positions.OffsetX, Props.5.Positions.OffsetY, Props.5.Positions.OffsetZ
[2026/06/22 19:04:32   WARN]                [HytaleGenerator] Duplicate export name for asset: werstjrtydkm,
[2026/06/22 19:04:32 SEVERE]                           [SERR] Reallocate: 131072 to 1179648
[2026/06/22 19:04:32   WARN]          [AssetStore|BiomeAsset] Unused key(s) in 'Something' file /Server/HytaleGenerator/Biomes/Experimental/Something.json: Terrain.Density.Inputs.0.Inputs.0.Inputs.0.Inputs.0.CacheSize, Terrain.Density.Inputs.0.Inputs.0.Inputs.0.Inputs.1.Inputs.0.CacheSize, Terrain.Density.Inputs.0.Inputs.0.Inputs.1.Inputs.0.CacheSize, Terrain.Density.Inputs.0.Inputs.0.Inputs.1.Inputs.1.Inputs.0.Inputs.0.Inputs.0.Inputs.0.Sampled, Terrain.Density.Inputs.0.Inputs.0.Inputs.1.Inputs.3.Inputs.0.Inputs.0.CacheSize, Terrain.Density.Inputs.0.Inputs.1.Inputs.0.CacheSize, Terrain.Density.Inputs.0.Inputs.1.Inputs.1.Inputs.0.Inputs.0.CacheSize
[2026/06/22 19:04:32   WARN]                [HytaleGenerator] Duplicate export name for asset: werstjrtydkm,
[2026/06/22 19:04:32   INFO]                [HytaleGenerator] Exported Scanner asset with name 'BasicForestTreeScanner' with asset id 'null
[2026/06/22 19:04:32   WARN]          [AssetStore|BiomeAsset] Unused key(s) in 'Generative_Buildings' file /Server/HytaleGenerator/Biomes/Generative/Generative_Buildings.json: Terrain.Density.Inputs.1.Inputs.0.Inputs.0.Inputs.0.Inputs.0.Inputs.0.Inputs.0.Inputs.0.Inputs.0.Positions.Positions.Positions.OffsetX, Terrain.Density.Inputs.1.Inputs.0.Inputs.0.Inputs.0.Inputs.0.Inputs.0.Inputs.0.Inputs.0.Inputs.0.Positions.Positions.Positions.OffsetY, Terrain.Density.Inputs.1.Inputs.0.Inputs.0.Inputs.0.Inputs.0.Inputs.0.Inputs.0.Inputs.0.Inputs.0.Positions.Positions.Positions.OffsetZ
[2026/06/22 19:04:32   WARN]          [AssetStore|BiomeAsset] Unused key(s) in 'Dunes' file /Server/HytaleGenerator/Biomes/Experimental/Dunes.json: Terrain.Density.Inputs.0.Inputs.0.Inputs.0.Inputs.0.Inputs.0.Inputs.1.Inputs.0.Inputs.0.Inputs.0.CacheSize, Terrain.Density.Inputs.0.Inputs.0.Inputs.0.Inputs.0.Inputs.0.Inputs.1.Inputs.0.Inputs.1.Inputs.0.CacheSize, Terrain.Density.Inputs.0.Inputs.0.Inputs.0.Inputs.1.Inputs.0.Inputs.0.Inputs.0.CacheSize, Terrain.Density.Inputs.0.Inputs.0.Inputs.0.Inputs.1.Inputs.0.Inputs.1.Inputs.0.CacheSize, Terrain.Density.Inputs.0.Inputs.0.Inputs.1.Inputs.0.Inputs.0.Inputs.1.Inputs.0.Inputs.0.Inputs.0.CacheSize, Terrain.Density.Inputs.0.Inputs.0.Inputs.1.Inputs.0.Inputs.0.Inputs.1.Inputs.0.Inputs.1.Inputs.0.CacheSize, Terrain.Density.Inputs.0.Inputs.0.Inputs.1.Inputs.1.Inputs.0.Inputs.0.CacheSize, Terrain.Density.Inputs.0.Inputs.0.Inputs.1.Inputs.1.Inputs.1.Inputs.0.CacheSize, Terrain.Density.Inputs.0.Inputs.1.Inputs.0.Inputs.0.Inputs.0.Inputs.0.CacheSize, Terrain.Density.Inputs.0.Inputs.1.Inputs.1.Inputs.0.CacheSize, MaterialProvider.Solid.Queue.0.FieldFunction.CacheSize
[2026/06/22 19:04:32   WARN]          [AssetStore|BiomeAsset] Unused key(s) in 'CursebreakerKeyartBiome' file /Server/HytaleGenerator/Biomes/Experimental/CursebreakerKeyartBiome.json: Terrain.Density.Inputs.0.Inputs.0.Inputs.0.Inputs.0.Inputs.0.Inputs.0.CacheSize, Terrain.Density.Inputs.0.Inputs.0.Inputs.0.Inputs.1.Inputs.0.Inputs.0.CacheSize, Terrain.Density.Inputs.0.Inputs.0.Inputs.1.Inputs.0.Inputs.0.Inputs.0.Inputs.0.CacheSize, Terrain.Density.Inputs.0.Inputs.1.Inputs.0.Inputs.0.Inputs.0.CacheSize
[2026/06/22 19:04:32   WARN]                [HytaleGenerator] Duplicate export name for asset: Peak
[2026/06/22 19:04:32   WARN]                [HytaleGenerator] Duplicate export name for asset: BasicForestTreeScanner
[2026/06/22 19:04:32   INFO]                [HytaleGenerator] Exported Scanner asset with name 'BasicForestTreeScanner' with asset id 'null
[2026/06/22 19:04:32   WARN]          [AssetStore|BiomeAsset] Unused key(s) in 'SingleInstance_Test' file /Server/HytaleGenerator/Biomes/Examples/SingleInstance_Test.json: Terrain.Density.Inputs.0.Inputs.1.SingleInstance
[2026/06/22 19:04:32   WARN]                [HytaleGenerator] Duplicate export name for asset: River-Boulders-Mask
[2026/06/22 19:04:32   WARN]          [AssetStore|BiomeAsset] Unused key(s) in 'Example_Prop' file /Server/HytaleGenerator/Biomes/Examples/Example_Prop.json: Terrain.Density.Inputs.0.CacheSize
[2026/06/22 19:04:32   WARN]          [AssetStore|BiomeAsset] Unused key(s) in 'Example_Multi_Mixer_Curve' file /Server/HytaleGenerator/Biomes/Examples/Example_Multi_Mixer_Curve.json: Terrain.Density.Inputs.0.Inputs.0.Inputs.0.Inputs.0.CacheSize, Terrain.Density.Inputs.0.Inputs.1.Inputs.0.Inputs.0.Inputs.0.Inputs.0.CacheSize, Terrain.Density.Inputs.0.Inputs.1.Inputs.0.Inputs.0.Inputs.0.Inputs.1.CacheSize, Terrain.Density.Inputs.0.Inputs.1.Inputs.0.Inputs.0.Inputs.0.Inputs.2.CacheSize, Terrain.Density.Inputs.0.Inputs.1.Inputs.1.CacheSize, Terrain.Density.Inputs.1.Inputs.0.CacheSize
[2026/06/22 19:04:32   WARN]                [HytaleGenerator] Duplicate export name for asset: River-Boulders-Mask
[2026/06/22 19:04:32   WARN]          [AssetStore|BiomeAsset] Unused key(s) in 'Example_Mixer' file /Server/HytaleGenerator/Biomes/Examples/Example_Mixer.json: Terrain.Density.Inputs.0.CacheSize, Terrain.Density.Inputs.1.Inputs.2.Inputs.0.CacheSize
[2026/06/22 19:04:32   WARN]          [AssetStore|BiomeAsset] Unused key(s) in 'Example_Fluid' file /Server/HytaleGenerator/Biomes/Examples/Example_Fluid.json: Terrain.Density.Inputs.0.CacheSize, MaterialProvider.Empty.Queue.0.BaseHeight
[2026/06/22 19:04:32   WARN]          [AssetStore|BiomeAsset] Unused key(s) in 'Fake3dNoise' file /Server/HytaleGenerator/Biomes/Examples/Fake3dNoise.json: Terrain.Density.Inputs.1.CacheSize, Terrain.Density.Inputs.2.Inputs.1.Inputs.0.Inputs.0.CacheSize, Terrain.Density.Inputs.2.Inputs.1.Inputs.0.Inputs.1.CacheSize, Terrain.Density.Inputs.2.Inputs.1.Inputs.0.Inputs.2.CacheSize, Terrain.Density.Inputs.2.Inputs.1.Inputs.0.Inputs.3.CacheSize, Terrain.Density.Inputs.2.Inputs.1.Inputs.0.Inputs.4.CacheSize, Terrain.Density.Inputs.2.Inputs.1.Inputs.0.Inputs.5.CacheSize
[2026/06/22 19:04:32   WARN]          [AssetStore|BiomeAsset] Unused key(s) in 'Example_Multi_Mixer_Horizontal' file /Server/HytaleGenerator/Biomes/Examples/Example_Multi_Mixer_Horizontal.json: Terrain.Density.Inputs.0.Inputs.0.Inputs.0.Inputs.0.CacheSize, Terrain.Density.Inputs.0.Inputs.0.Inputs.0.Inputs.1.CacheSize, Terrain.Density.Inputs.0.Inputs.0.Inputs.0.Inputs.2.CacheSize, Terrain.Density.Inputs.0.Inputs.0.Inputs.0.Inputs.3.CacheSize
[2026/06/22 19:04:32   WARN]                [HytaleGenerator] Duplicate export name for asset: pattern1
[2026/06/22 19:04:32   WARN]          [AssetStore|BiomeAsset] Unused key(s) in 'Arches' file /Server/HytaleGenerator/Biomes/Experimental/Arches.json: Terrain.Density.Inputs.0.Inputs.0.Inputs.0.Inputs.0.Inputs.0.CacheSize, Terrain.Density.Inputs.0.Inputs.1.Inputs.0.Inputs.0.Inputs.0.CacheSize, Terrain.Density.Inputs.0.Inputs.1.Inputs.0.Inputs.0.Inputs.0.Inputs.0.ReturnType.Density.CacheSize, Terrain.Density.Inputs.0.Inputs.1.Inputs.0.Inputs.1.Inputs.0.CacheSize, Terrain.Density.Inputs.0.Inputs.1.Inputs.0.Inputs.1.Inputs.0.Inputs.0.ReturnType.Density.Inputs.0.Inputs.0.Inputs.0.CacheSize, Terrain.Density.Inputs.0.Inputs.1.Inputs.0.Inputs.2.Inputs.0.CacheSize
[2026/06/22 19:04:32   WARN]                [HytaleGenerator] Duplicate export name for asset: Desert1_Rivers_Cliffs
[2026/06/22 19:04:32   WARN]                [HytaleGenerator] Duplicate export name for asset: River-Boulders-Mask
[2026/06/22 19:04:32   INFO]                [HytaleGenerator] Exported Scanner asset with name 'Desert1_Rocky_Trees_Dry_Scanner' with asset id 'null
[2026/06/22 19:04:32   INFO]                [HytaleGenerator] Exported Scanner asset with name 'Desert1_Rocky_Trees_Palm_Scanner' with asset id 'null
[2026/06/22 19:04:32   WARN]          [AssetStore|BiomeAsset] Unused key(s) in 'Desert1_Oasis' file /Server/HytaleGenerator/Biomes/Desert1/Desert1_Oasis.json: Props.2.Positions.Positions.OffsetX, Props.2.Positions.Positions.OffsetY, Props.2.Positions.Positions.OffsetZ, Props.3.Positions.Positions.OffsetX, Props.3.Positions.Positions.OffsetY, Props.3.Positions.Positions.OffsetZ, Props.4.Positions.Positions.OffsetX, Props.4.Positions.Positions.OffsetY, Props.4.Positions.Positions.OffsetZ, Props.5.Positions.Positions.OffsetX, Props.5.Positions.Positions.OffsetY, Props.5.Positions.Positions.OffsetZ, Props.6.Positions.Positions.OffsetX, Props.6.Positions.Positions.OffsetY, Props.6.Positions.Positions.OffsetZ
[2026/06/22 19:04:32   WARN]               [BlockSetModule|P] Creating block sets: Failed to find block name 'Ingredient_Hay'
[2026/06/22 19:04:32   WARN]               [BlockSetModule|P] Creating block sets: Failed to find block name 'Furniture_Temple_Light_Statue'
[2026/06/22 19:04:32   WARN]               [BlockSetModule|P] Creating block sets: Failed to find block name 'Wood_Softwood_Planks'
[2026/06/22 19:04:32   WARN]               [BlockSetModule|P] Creating block sets: Failed to find block name 'Furniture_Feran_Bed'
[2026/06/22 19:04:32   WARN]               [BlockSetModule|P] Creating block sets: Failed to find block name 'Coop_Chicken'
[2026/06/22 19:04:32   WARN]               [BlockSetModule|P] Creating block sets: Failed to find hitbox name 'Fence'
[2026/06/22 19:04:32   WARN]               [BlockSetModule|P] Creating block sets: Failed to find hitbox name 'Fence_Gate'
[2026/06/22 19:04:32   WARN]               [BlockSetModule|P] Creating block sets: Failed to find hitbox name 'Fence_Gate_Open_In'
[2026/06/22 19:04:32   WARN]               [BlockSetModule|P] Creating block sets: Failed to find hitbox name 'Fence_Gate_Open_Out'
[2026/06/22 19:04:32   WARN]               [BlockSetModule|P] Creating block sets: Failed to find hitbox name 'Fence_Thin'
[2026/06/22 19:04:32   WARN]               [BlockSetModule|P] Creating block sets: Failed to find hitbox name 'Fence_Thick'
[2026/06/22 19:04:32   WARN]               [BlockSetModule|P] Creating block sets: Failed to find hitbox name 'Fence_Corner'
[2026/06/22 19:04:32   WARN]               [BlockSetModule|P] Creating block sets: Failed to find hitbox name 'Fence_Corner_Thin'
[2026/06/22 19:04:32   WARN]               [BlockSetModule|P] Creating block sets: Failed to find hitbox name 'Fence_Corner_Thick'
[2026/06/22 19:04:32   WARN]               [BlockSetModule|P] Creating block sets: Failed to find block name 'Furniture_Crude_Bed'
[2026/06/22 19:04:32   WARN]               [BlockSetModule|P] Creating block sets: Failed to find block name 'Soil_Grass'
[2026/06/22 19:04:32   WARN]               [BlockSetModule|P] Creating block sets: Failed to find block name 'Soil_Dirt'
[2026/06/22 19:04:32   WARN]               [BlockSetModule|P] Creating block sets: Failed to find block name 'Soil_Dirt_Poisoned'
[2026/06/22 19:04:32   WARN]               [BlockSetModule|P] Creating block sets: Failed to find block name 'Soil_Mud'
[2026/06/22 19:04:32   WARN]               [BlockSetModule|P] Creating block sets: Failed to find block name 'Deco_Bone_Pile'
[2026/06/22 19:04:32   WARN]               [BlockSetModule|P] Creating block sets: Failed to find block name 'Deco_Bone_Skulls'
[2026/06/22 19:04:32   WARN]               [BlockSetModule|P] Creating block sets: Failed to find block name 'Soil_Gravel_Sand'
[2026/06/22 19:04:32   WARN]               [BlockSetModule|P] Creating block sets: Failed to find block name 'Soil_Dirt'
[2026/06/22 19:04:32   WARN]               [BlockSetModule|P] Creating block sets: Failed to find block name 'Soil_Clay'
[2026/06/22 19:04:32   WARN]               [BlockSetModule|P] Creating block sets: Failed to find block name 'Rock_Stone'
[2026/06/22 19:04:32   WARN]               [BlockSetModule|P] Creating block sets: Failed to find block name 'Rock_Marble'
[2026/06/22 19:04:32   WARN]               [BlockSetModule|P] Creating block sets: Failed to find block name 'Rock_Chalk'
[2026/06/22 19:04:32   WARN]               [BlockSetModule|P] Creating block sets: Failed to find block name 'Ingredient_Hay'
[2026/06/22 19:04:32   WARN]               [BlockSetModule|P] Creating block sets: Failed to find block name 'Bench_Trough'
[2026/06/22 19:04:32   INFO]              [HytaleGenerator|P] Loaded Settings asset.
[2026/06/22 19:04:32   WARN]                [HytaleGenerator] Duplicate export name for asset: Volcanic1_Swamp_Bushes_Jungles_Pattern
[2026/06/22 19:04:32   WARN]    [AssetStore|AssignmentsAsset] Unused key(s) in 'Plains1_Oak_Bushes' file /Server/HytaleGenerator/Assignments/Plains1/Plains1_Oak_Bushes.json: FieldFunction.CacheSize
[2026/06/22 19:04:32   WARN]                [HytaleGenerator] Duplicate export name for asset: Plains1_OakPattern_Floor_Grass
[2026/06/22 19:04:32   WARN]    [AssetStore|AssignmentsAsset] Unused key(s) in 'Plains1_Mountains_Grasses' file /Server/HytaleGenerator/Assignments/Plains1/Plains1_Mountains_Grasses.json: FieldFunction.CacheSize
[2026/06/22 19:04:32   WARN]                [HytaleGenerator] Duplicate export name for asset: Plains1_OakPattern_Floor_Grass
[2026/06/22 19:04:32   INFO]                [HytaleGenerator] Exported Scanner asset with name 'Plains1_Gorges_Tree_Scanner' with asset id 'null
[2026/06/22 19:04:32   WARN]                [HytaleGenerator] Duplicate export name for asset: Plains1_OakPattern_Floor_Grass
[2026/06/22 19:04:32   INFO]                [HytaleGenerator] Exported Scanner asset with name 'Plains1_Gorges_Boulder_Scanner' with asset id 'null
[2026/06/22 19:04:32   WARN]                [HytaleGenerator] Duplicate export name for asset: Plains1_Sticks
[2026/06/22 19:04:32   WARN]    [AssetStore|AssignmentsAsset] Unused key(s) in 'Plains1_Deeproot_Grasses' file /Server/HytaleGenerator/Assignments/Plains1/Plains1_Deeproot_Grasses.json: FieldFunction.CacheSize
[2026/06/22 19:04:32   WARN]    [AssetStore|AssignmentsAsset] Unused key(s) in 'Runtime_Defect_1' file /Server/HytaleGenerator/Assignments/Dev/Runtime_Defect_1.json: Prop.BoxBlockType
[2026/06/22 19:04:32   WARN]    [AssetStore|AssignmentsAsset] Unused key(s) in 'Runtime_Defect_0' file /Server/HytaleGenerator/Assignments/Dev/Runtime_Defect_0.json: Prop.BoxBlockType
[2026/06/22 19:04:32   INFO]                [HytaleGenerator] Exported Scanner asset with name 'Desert1_Dry_Scanner' with asset id 'null
[2026/06/22 19:04:32   WARN]    [AssetStore|AssignmentsAsset] Unused key(s) in 'Desert1_Oasis_Trees_Dry' file /Server/HytaleGenerator/Assignments/Desert1/Desert1_Oasis_Trees_Dry.json: $Comments
[2026/06/22 19:04:32   INFO]                [HytaleGenerator] Exported Scanner asset with name 'Desert1_Palm_Scanner' with asset id 'null
[2026/06/22 19:04:32   INFO]                [HytaleGenerator] Exported Scanner asset with name 'Desert1_Oasis_Grasses_Scanner' with asset id 'null
[2026/06/22 19:04:32   WARN]    [AssetStore|AssignmentsAsset] Unused key(s) in 'Desert1_Oasis_Grasses' file /Server/HytaleGenerator/Assignments/Desert1/Desert1_Oasis_Grasses.json: $Comments
[2026/06/22 19:04:32   INFO]                [HytaleGenerator] Exported Scanner asset with name 'Desert1_Boab_Scanner' with asset id 'null
[2026/06/22 19:04:32   INFO]                [HytaleGenerator] Exported Scanner asset with name 'Desert1_Oasis_Plants_2_Scanner' with asset id 'null
[2026/06/22 19:04:32   WARN]    [AssetStore|AssignmentsAsset] Unused key(s) in 'Desert1_Oasis_Flowers_2' file /Server/HytaleGenerator/Assignments/Desert1/Desert1_Oasis_Flowers_2.json: $Comments
[2026/06/22 19:04:32   INFO]                [HytaleGenerator] Exported Scanner asset with name 'Desert1_Boulders_Scanner' with asset id 'null
[2026/06/22 19:04:32   WARN]    [AssetStore|AssignmentsAsset] Unused key(s) in 'Desert1_Oasis_Flowers' file /Server/HytaleGenerator/Assignments/Desert1/Desert1_Oasis_Flowers.json: $Comments
[2026/06/22 19:04:32   WARN]                [HytaleGenerator] Duplicate export name for asset: Desert1_Boulders_Scanner
[2026/06/22 19:04:32   INFO]                [HytaleGenerator] Exported Scanner asset with name 'Desert1_Boulders_Scanner' with asset id 'null
[2026/06/22 19:04:32   WARN]    [AssetStore|AssignmentsAsset] Unused key(s) in 'Desert1_Oasis_Boulders' file /Server/HytaleGenerator/Assignments/Desert1/Desert1_Oasis_Boulders.json: $Comments
[2026/06/22 19:04:32   WARN]            [AssetStore|ModelVFX] Asset key 'test' for file '/Server/Entity/ModelVFX/test.json' has incorrect format! Expected: 'Test'
[2026/06/22 19:04:32   WARN]         [AssetStore|Environment] Asset key 'Env_Temple_of_Gaia' for file '/Server/Environments/Unique/Env_Temple_of_Gaia.json' has incorrect format! Expected: 'Env_Temple_Of_Gaia'
[2026/06/22 19:04:34   WARN]        [AssetStore|EntityEffect] Unused key(s) in 'Food_EffectCondition_Buff_Medium' file /Server/Entity/Effects/Food/Buff/_Deprecated/Food_EffectCondition_Buff_Medium.json: Type, EntityEffectIds, Match, Next, Failed
[2026/06/22 19:04:34   WARN]        [AssetStore|EntityEffect] Unused key(s) in 'Food_EffectCondition_Buff_Small' file /Server/Entity/Effects/Food/Buff/_Deprecated/Food_EffectCondition_Buff_Small.json: Type, EntityEffectIds, Match, Next, Failed
[2026/06/22 19:04:34   WARN] [AssetStore|CustomConnectedBlockTemplateAsset] Unused key(s) in 'DoorLargeConnectedBlockTemplate' file /Server/Item/CustomConnectedBlockTemplates/DoorLargeConnectedBlockTemplate.json: ConnectsToOtherTemplates
[2026/06/22 19:04:34   WARN] [AssetStore|CustomConnectedBlockTemplateAsset] Unused key(s) in 'RailsConnectedBlockTemplate' file /Server/Item/CustomConnectedBlockTemplates/RailsConnectedBlockTemplate.json: MaterialName
[2026/06/22 19:04:34   INFO]              [CollisionModule|P] Block extents for CollisionSystem is Max=3.0, Min=0.0
[2026/06/22 19:04:34   WARN]         [AssetStore|Interaction] Unused key(s) in 'Ice_Bolt_Miss' file /Server/Item/Interactions/Weapons/Staff/Ice/Ice_Bolt_Miss.json: Effects.WorldParticles
[2026/06/22 19:04:34   WARN]         [AssetStore|Interaction] Unused key(s) in 'Ice_Ball_Miss' file /Server/Item/Interactions/Weapons/Staff/Ice/Ice_Ball_Miss.json: Effects.WorldParticles
[2026/06/22 19:04:34   WARN]         [AssetStore|Interaction] Unused key(s) in 'Weapon_Daggers_Primary_Pounce_Stab_Force' file /Server/Item/Interactions/Weapons/Daggers/Primary/Pounce/Stab/Weapon_Daggers_Primary_Pounce_Stab_Force.json: VelocityType
[2026/06/22 19:04:34   WARN]         [AssetStore|Interaction] Unused key(s) in 'Weapon_Battleaxe_Primary_Downstrike_Force' file /Server/Item/Interactions/Weapons/Battleaxe/Primary/Downstrike/Weapon_Battleaxe_Primary_Downstrike_Force.json: MouseSensitivityAdjustmentTarget, MouseSensitivityAdjustmentDuration
[2026/06/22 19:04:34   WARN]         [AssetStore|Interaction] Unused key(s) in 'Explode_Generic' file /Server/Item/Interactions/Explosions/Explode_Generic.json: Config.Knockback.VelocityConfig.Direction
[2026/06/22 19:04:34   WARN]         [AssetStore|Interaction] Unused key(s) in 'Test_Charge_Damage' file /Server/Item/Interactions/Tests/Test_Charge_Damage.json: DamageEffects.Knockback.RotateY, DamageEffects.Knockback.OffsetX, DamageEffects.Knockback.OffsetZ
[2026/06/22 19:04:34   WARN]                         [Hytale] Missing interaction *DamageEntityParent_Next
[2026/06/22 19:04:34   WARN]                         [Hytale] Missing interaction *Stamina_Bar_Flash_Interactions_0
[2026/06/22 19:04:34   WARN]                         [Hytale] Missing interaction *Stamina_Broken_Check_Next
[2026/06/22 19:04:34   WARN]                         [Hytale] Missing interaction *Block_Break_Adventure_Next
[2026/06/22 19:04:34   WARN]                         [Hytale] Missing interaction *Block_Break_Adventure_Failed
[2026/06/22 19:04:34   WARN]                         [Hytale] Missing interaction *Weapon_Battleaxe_Secondary_Guard_Bash_Interactions_0
[2026/06/22 19:04:34   WARN]                         [Hytale] Missing interaction *Weapon_Battleaxe_Secondary_Guard_Bash_Interactions_1
[2026/06/22 19:04:34   WARN]                         [Hytale] Missing interaction *Weapon_Shortbow_Secondary_Guard_Bash_Interactions_0
[2026/06/22 19:04:34   WARN]                         [Hytale] Missing interaction *Weapon_Shortbow_Secondary_Guard_Bash_Interactions_1
[2026/06/22 19:04:34   WARN]                         [Hytale] Missing interaction *Weapon_Crossbow_Secondary_Guard_Bash_Interactions_0
[2026/06/22 19:04:34   WARN]                         [Hytale] Missing interaction *Weapon_Crossbow_Secondary_Guard_Bash_Interactions_1
[2026/06/22 19:04:34   WARN]                         [Hytale] Missing interaction *Weapon_Crossbow_Shot_Standard_Projectile_Next
[2026/06/22 19:04:34   WARN]                         [Hytale] Missing interaction *Common_Guard_Shove_Animation_Next
[2026/06/22 19:04:34   WARN]                         [Hytale] Missing interaction *Weapon_Daggers_Secondary_Guard_Bash_Interactions_0
[2026/06/22 19:04:34   WARN]                         [Hytale] Missing interaction *Weapon_Daggers_Secondary_Guard_Bash_Interactions_1
[2026/06/22 19:04:34   WARN]                         [Hytale] Missing interaction *Bow_Two_Handed_Ability1_Arrow_Volley_Interactions_0
[2026/06/22 19:04:34   WARN]                         [Hytale] Missing interaction *Weapon_Shield_Secondary_Guard_Bash_Interactions_0
[2026/06/22 19:04:34   WARN]                         [Hytale] Missing interaction *Weapon_Shield_Secondary_Guard_Bash_Interactions_1
[2026/06/22 19:04:34   WARN]                         [Hytale] Missing interaction *Stick_Attack_Next_0
[2026/06/22 19:04:34   WARN]                         [Hytale] Missing interaction *Stick_Attack_Next_0.8
[2026/06/22 19:04:34   WARN]                         [Hytale] Missing interaction *Weapon_Mace_Secondary_Guard_Bash_Interactions_0
[2026/06/22 19:04:34   WARN]                         [Hytale] Missing interaction *Weapon_Mace_Secondary_Guard_Bash_Interactions_1
[2026/06/22 19:04:34   WARN]                         [Hytale] Missing interaction *Weapon_Sword_Secondary_Guard_Bash_Interactions_0
[2026/06/22 19:04:34   WARN]                         [Hytale] Missing interaction *Weapon_Sword_Secondary_Guard_Bash_Interactions_1
[2026/06/22 19:04:34   WARN]                         [Hytale] Missing interaction *Bow_Two_Handed_Ability2_Arrow_Shoot_Interactions_0
[2026/06/22 19:04:34   WARN]                         [Hytale] Missing interaction *Bow_Two_Handed_Ability2_Arrow_Shoot_Interactions_1
[2026/06/22 19:04:34   WARN]                         [Hytale] Missing interaction *Daggers_Stab_Flurry_Left_Next
[2026/06/22 19:04:34   WARN]                         [Hytale] Missing interaction *Daggers_Stab_Flurry_Right_Next
[2026/06/22 19:04:34   WARN]                         [Hytale] Missing interaction *Simple_Next
[2026/06/22 19:04:34   WARN]                         [Hytale] Missing interaction *Shortbow_Volley_Shoot_Inner_Next
[2026/06/22 19:04:34   WARN]         [AssetStore|Interaction] Unused key(s) in '*Weapon_Sword_Signature_Vortexstrike_Spin_Selector_Next': Next
[2026/06/22 19:04:34   WARN]         [AssetStore|Interaction] Unused key(s) in '*Weapon_Daggers_Primary_Pounce_Stab_Selector_Next': Next
[2026/06/22 19:04:34   WARN]                         [Hytale] Missing interaction **DamageEntityParent_Next_Interactions_0
[2026/06/22 19:04:34   WARN]                         [Hytale] Missing interaction **DamageEntityParent_Next_Interactions_1
[2026/06/22 19:04:34   WARN]                         [Hytale] Missing interaction **DamageEntityParent_Next_Interactions_2
[2026/06/22 19:04:34   WARN]                         [Hytale] Missing interaction **DamageEntityParent_Next_Interactions_3
[2026/06/22 19:04:34   WARN]                         [Hytale] Missing interaction **DamageEntityParent_Next_Interactions_4
[2026/06/22 19:04:34   WARN]                         [Hytale] Missing interaction **DamageEntityParent_Next_Interactions_5
[2026/06/22 19:04:34   WARN]                         [Hytale] Missing interaction **DamageEntityParent_Next_Interactions_6
[2026/06/22 19:04:34   WARN]                         [Hytale] Missing interaction **Bow_Two_Handed_Ability1_Arrow_Volley_Interactions_0_Interactions_0
[2026/06/22 19:04:34   WARN]                         [Hytale] Missing interaction **Bow_Two_Handed_Ability1_Arrow_Volley_Interactions_0_Interactions_1
[2026/06/22 19:04:34   WARN]                         [Hytale] Missing interaction **Weapon_Daggers_Secondary_Guard_Bash_Interactions_1_Next
[2026/06/22 19:04:34   WARN]                         [Hytale] Missing interaction **Weapon_Shortbow_Secondary_Guard_Bash_Interactions_1_Next
[2026/06/22 19:04:34   WARN]                         [Hytale] Missing interaction **Weapon_Sword_Secondary_Guard_Bash_Interactions_1_Next
[2026/06/22 19:04:34   WARN]                         [Hytale] Missing interaction **Weapon_Shield_Secondary_Guard_Bash_Interactions_1_Next
[2026/06/22 19:04:34   WARN]                         [Hytale] Missing interaction **Weapon_Crossbow_Secondary_Guard_Bash_Interactions_1_Next
[2026/06/22 19:04:34   WARN]                         [Hytale] Missing interaction **Weapon_Crossbow_Shot_Standard_Projectile_Next_Next
[2026/06/22 19:04:34   WARN]                         [Hytale] Missing interaction **Stick_Attack_Next_0_Interactions_1
[2026/06/22 19:04:34   WARN]                         [Hytale] Missing interaction **Stick_Attack_Next_0.8_Interactions_1
[2026/06/22 19:04:34   WARN]                         [Hytale] Missing interaction **Weapon_Mace_Secondary_Guard_Bash_Interactions_1_Next
[2026/06/22 19:04:34   WARN]                         [Hytale] Missing interaction **Weapon_Battleaxe_Secondary_Guard_Bash_Interactions_1_Next
[2026/06/22 19:04:34   WARN]                         [Hytale] Missing interaction **Weapon_Mace_Primary_Swing_Right_Charged_Selector_Next_Next
[2026/06/22 19:04:34   WARN]                         [Hytale] Missing interaction **Weapon_Mace_Primary_Swing_Left_Charged_StaminaCondition_Next_Next
[2026/06/22 19:04:34   WARN]                         [Hytale] Missing interaction **Block_Break_Failed_Next
[2026/06/22 19:04:34   WARN]                         [Hytale] Missing interaction **Weapon_Daggers_Primary_Pounce_Sweep_Next_Interactions_0
[2026/06/22 19:04:34   WARN]                         [Hytale] Missing interaction **Weapon_Daggers_Primary_Pounce_Sweep_Next_Interactions_1
[2026/06/22 19:04:34   WARN]                         [Hytale] Missing interaction **Common_Guard_Shove_Selector_Next_Next
[2026/06/22 19:04:34   WARN]                         [Hytale] Missing interaction **Weapon_Battleaxe_Primary_Downstrike_StaminaCondition_Next_Next
[2026/06/22 19:04:34   WARN]                         [Hytale] Missing interaction **Weapon_Mace_Primary_Swing_Up_Left_Charged_Selector_Next_Next
[2026/06/22 19:04:34   WARN]                         [Hytale] Missing interaction **Weapon_Crossbow_Damage_Combo_Projectile_Next_Next
[2026/06/22 19:04:34   WARN]                         [Hytale] Missing interaction **Consume_Charge_Food_T2_Inner_Next_2.5_Next
[2026/06/22 19:04:34   WARN]                         [Hytale] Missing interaction **Consume_Charge_Food_T1_Inner_Next_2.0_Next
[2026/06/22 19:04:34   WARN]                         [Hytale] Missing interaction **Weapon_Mace_Primary_Swing_Right_Charged_StaminaCondition_Next_Next
[2026/06/22 19:04:34   WARN]                         [Hytale] Missing interaction **Weapon_Daggers_Primary_Pounce_StaminaCondition_Next_Next
[2026/06/22 19:04:34   WARN]                         [Hytale] Missing interaction **Weapon_Daggers_Primary_Pounce_Stab_Next_Interactions_0
[2026/06/22 19:04:34   WARN]                         [Hytale] Missing interaction **Weapon_Daggers_Primary_Pounce_Stab_Next_Interactions_1
[2026/06/22 19:04:34   WARN]                         [Hytale] Missing interaction **Weapon_Stick_Fire_Spawn_Trap_Next_Interactions_0
[2026/06/22 19:04:34   WARN]                         [Hytale] Missing interaction **Weapon_Stick_Fire_Spawn_Trap_Next_Interactions_1
[2026/06/22 19:04:34   WARN]                         [Hytale] Missing interaction **Weapon_Stick_Fire_Spawn_Trap_Failed_Interactions_0
[2026/06/22 19:04:34   WARN]                         [Hytale] Missing interaction **Weapon_Mace_Primary_Swing_Left_Charged_Selector_Next_Next
[2026/06/22 19:04:34   WARN]                         [Hytale] Missing interaction **Consume_Charge_Durability_Interactions_1_Next_3.0
[2026/06/22 19:04:34   WARN]                         [Hytale] Missing interaction **Consume_Charge_Durability_Interactions_1_Failed
[2026/06/22 19:04:34   WARN]                         [Hytale] Missing interaction **Weapon_Mace_Primary_Swing_Up_Left_Charged_StaminaCondition_Next_Next
[2026/06/22 19:04:34   WARN]                         [Hytale] Missing interaction **Weapon_Sword_Primary_Thrust_StaminaCondition_Next_Next
[2026/06/22 19:04:34   WARN]                         [Hytale] Missing interaction **Consume_Charge_Food_T3_Inner_Next_3.0_Next
[2026/06/22 19:04:34   WARN]                         [Hytale] Missing interaction ***Bow_Two_Handed_Ability1_Arrow_Volley_Interactions_0_Interactions_1_Next
[2026/06/22 19:04:34   WARN]                         [Hytale] Missing interaction ***Common_Guard_Shove_Selector_Next_Next_Next
[2026/06/22 19:04:34   WARN]                         [Hytale] Missing interaction ***Weapon_Daggers_Secondary_Guard_Bash_Interactions_1_Next_Next
[2026/06/22 19:04:34   WARN]                         [Hytale] Missing interaction ***Consume_Charge_Food_T3_Inner_Next_3.0_Next_Interactions_0
[2026/06/22 19:04:34   WARN]                         [Hytale] Missing interaction ***Consume_Charge_Food_T3_Inner_Next_3.0_Next_Interactions_1
[2026/06/22 19:04:34   WARN]                         [Hytale] Missing interaction ***Consume_Charge_Food_T3_Inner_Next_3.0_Next_Interactions_2
[2026/06/22 19:04:34   WARN]                         [Hytale] Missing interaction ***Weapon_Shortbow_Secondary_Guard_Bash_Interactions_1_Next_Next
[2026/06/22 19:04:34   WARN]                         [Hytale] Missing interaction ***Weapon_Mace_Primary_Swing_Up_Left_Charged_StaminaCondition_Next_Next_Next_0
[2026/06/22 19:04:34   WARN]                         [Hytale] Missing interaction ***Weapon_Mace_Primary_Swing_Up_Left_Charged_Next_2.0_Interactions_2_Next
[2026/06/22 19:04:34   WARN]                         [Hytale] Missing interaction ***Weapon_Mace_Primary_Swing_Right_Charged_StaminaCondition_Next_Next_Next_0
[2026/06/22 19:04:34   WARN]                         [Hytale] Missing interaction ***Weapon_Mace_Primary_Swing_Right_Charged_Next_2.0_Interactions_2_Next
[2026/06/22 19:04:34   WARN]                         [Hytale] Missing interaction ***Weapon_Sword_Secondary_Guard_Bash_Interactions_1_Next_Next
[2026/06/22 19:04:34   WARN]                         [Hytale] Missing interaction ***Weapon_Shield_Secondary_Guard_Bash_Interactions_1_Next_Next
[2026/06/22 19:04:34   WARN]                         [Hytale] Missing interaction ***Consume_Charge_Food_T1_Inner_Next_2.0_Next_Interactions_0
[2026/06/22 19:04:34   WARN]                         [Hytale] Missing interaction ***Consume_Charge_Food_T1_Inner_Next_2.0_Next_Interactions_1
[2026/06/22 19:04:34   WARN]                         [Hytale] Missing interaction ***Consume_Charge_Food_T1_Inner_Next_2.0_Next_Interactions_2
[2026/06/22 19:04:34   WARN]                         [Hytale] Missing interaction ***Weapon_Mace_Primary_Swing_Left_Charged_StaminaCondition_Next_Next_Next_0
[2026/06/22 19:04:34   WARN]                         [Hytale] Missing interaction ***Weapon_Mace_Primary_Swing_Left_Charged_Next_2.0_Interactions_2_Next
[2026/06/22 19:04:34   WARN]                         [Hytale] Missing interaction ***Consume_Charge_Durability_Interactions_1_Next_3.0_Interactions_0
[2026/06/22 19:04:34   WARN]                         [Hytale] Missing interaction ***Consume_Charge_Durability_Interactions_1_Next_3.0_Interactions_1
[2026/06/22 19:04:34   WARN]                         [Hytale] Missing interaction ***Consume_Charge_Durability_Interactions_1_Next_3.0_Interactions_2
[2026/06/22 19:04:34   WARN]                         [Hytale] Missing interaction ***Consume_Charge_Durability_Interactions_1_Next_3.0_Interactions_3
[2026/06/22 19:04:34   WARN]                         [Hytale] Missing interaction ***Consume_Charge_Durability_Interactions_1_Failed_Next
[2026/06/22 19:04:34   WARN]                         [Hytale] Missing interaction ***Weapon_Crossbow_Secondary_Guard_Bash_Interactions_1_Next_Next
[2026/06/22 19:04:34   WARN]                         [Hytale] Missing interaction ***Weapon_Mace_Secondary_Guard_Bash_Interactions_1_Next_Next
[2026/06/22 19:04:34   WARN]                         [Hytale] Missing interaction ***Consume_Charge_Food_T2_Inner_Next_2.5_Next_Interactions_0
[2026/06/22 19:04:34   WARN]                         [Hytale] Missing interaction ***Consume_Charge_Food_T2_Inner_Next_2.5_Next_Interactions_1
[2026/06/22 19:04:34   WARN]                         [Hytale] Missing interaction ***Consume_Charge_Food_T2_Inner_Next_2.5_Next_Interactions_2
[2026/06/22 19:04:34   WARN]                         [Hytale] Missing interaction ***Weapon_Battleaxe_Secondary_Guard_Bash_Interactions_1_Next_Next
[2026/06/22 19:04:34   WARN]                         [Hytale] Missing interaction ***Weapon_Battleaxe_Primary_Downstrike_Next_0.65_Interactions_2_Next
[2026/06/22 19:04:34   WARN]                         [Hytale] Missing interaction ***Weapon_Daggers_Primary_Pounce_Next_0.4_Interactions_1_Next
[2026/06/22 19:04:34   WARN]                         [Hytale] Missing interaction ***Weapon_Sword_Primary_Thrust_Next_0.65_Interactions_2_Next
[2026/06/22 19:04:34   WARN]                         [Hytale] Missing interaction ****Bow_Two_Handed_Ability1_Arrow_Volley_Interactions_0_Interactions_1_Next_Interactions_1
[2026/06/22 19:04:34   WARN]                         [Hytale] Missing interaction ****Bow_Two_Handed_Ability1_Arrow_Volley_Interactions_0_Interactions_1_Next_Interactions_2
[2026/06/22 19:04:34   WARN]                         [Hytale] Missing interaction ****Weapon_Mace_Primary_Swing_Up_Left_Charged_StaminaCondition_Next_Next_Next_0_Next
[2026/06/22 19:04:34   WARN]                         [Hytale] Missing interaction ****Weapon_Mace_Primary_Swing_Up_Left_Charged_Next_2.0_Interactions_2_Next_Interactions_0
[2026/06/22 19:04:34   WARN]                         [Hytale] Missing interaction ****Weapon_Mace_Primary_Swing_Right_Charged_StaminaCondition_Next_Next_Next_0_Next
[2026/06/22 19:04:34   WARN]                         [Hytale] Missing interaction ****Weapon_Mace_Primary_Swing_Right_Charged_Next_2.0_Interactions_2_Next_Interactions_0
[2026/06/22 19:04:34   WARN]                         [Hytale] Missing interaction ****Weapon_Mace_Primary_Swing_Left_Charged_StaminaCondition_Next_Next_Next_0_Next
[2026/06/22 19:04:34   WARN]                         [Hytale] Missing interaction ****Weapon_Mace_Primary_Swing_Left_Charged_Next_2.0_Interactions_2_Next_Interactions_0
[2026/06/22 19:04:34   WARN]                         [Hytale] Missing interaction ****Weapon_Battleaxe_Primary_Downstrike_Next_0.65_Interactions_2_Next_Interactions_0
[2026/06/22 19:04:34   WARN]                         [Hytale] Missing interaction ****Weapon_Battleaxe_Primary_Downstrike_Next_0.65_Interactions_2_Next_Interactions_1
[2026/06/22 19:04:34   WARN]                         [Hytale] Missing interaction ****Weapon_Sword_Primary_Thrust_Next_0.65_Interactions_2_Next_Interactions_0
[2026/06/22 19:04:34   WARN]                         [Hytale] Missing interaction ****Weapon_Sword_Primary_Thrust_Next_0.65_Interactions_2_Next_Interactions_1
[2026/06/22 19:04:34   WARN]                         [Hytale] Missing interaction ****Weapon_Daggers_Primary_Pounce_Next_0.4_Interactions_1_Next_Interactions_0
[2026/06/22 19:04:34   WARN]                         [Hytale] Missing interaction ****Weapon_Daggers_Primary_Pounce_Next_0.4_Interactions_1_Next_Interactions_1
[2026/06/22 19:04:34   WARN]                         [Hytale] Missing interaction *****Bow_Two_Handed_Ability1_Arrow_Volley_Interactions_0_Interactions_1_Next_Interactions_2_Next
[2026/06/22 19:04:34   WARN]         [AssetStore|Interaction] Unused key(s) in '**Projectile_Config_Scarak_Seeker_Spitball_Interactions_ProjectileMiss_Interactions_0': Effects.WorldParticles
[2026/06/22 19:04:34   WARN]         [AssetStore|Interaction] Unused key(s) in '**Projectile_Config_Ice_Bolt_Interactions_ProjectileMiss_Interactions_0': Effects.WorldParticles
[2026/06/22 19:04:34   WARN]         [AssetStore|Interaction] Unused key(s) in '**Projectile_Config_Scarak_Seeker_Spitball_Interactions_ProjectileHit_Interactions_0': Entity
[2026/06/22 19:04:34   WARN]         [AssetStore|Interaction] Unused key(s) in '**Projectile_Config_Ice_Ball_Interactions_ProjectileMiss_Interactions_0': Effects.WorldParticles
[2026/06/22 19:04:34   WARN]               [AssetStore|Fluid] Unused key(s) in 'Tar_Source' file /Server/Item/Block/Fluids/Tar_Source.json: PhysicalMaterialId
[2026/06/22 19:04:34   WARN]               [AssetStore|Fluid] Unused key(s) in 'Slime_Source' file /Server/Item/Block/Fluids/Slime_Source.json: PhysicalMaterialId
[2026/06/22 19:04:34   WARN]               [AssetStore|Fluid] Unused key(s) in 'Slime_Red_Source' file /Server/Item/Block/Fluids/Slime_Red_Source.json: PhysicalMaterialId
[2026/06/22 19:04:34   WARN]               [AssetStore|Fluid] Unused key(s) in 'Poison_Source' file /Server/Item/Block/Fluids/Poison_Source.json: PhysicalMaterialId
[2026/06/22 19:04:37   WARN]               [BlockSetModule|P] Creating block sets: Failed to find block name 'Ingredient_Hay'
[2026/06/22 19:04:37   WARN]               [BlockSetModule|P] Creating block sets: Failed to find block name 'Furniture_Temple_Light_Statue'
[2026/06/22 19:04:37   WARN]               [BlockSetModule|P] Creating block sets: Failed to find block name 'Wood_Softwood_Planks'
[2026/06/22 19:04:37   WARN]               [BlockSetModule|P] Creating block sets: Failed to find block name 'Furniture_Feran_Bed'
[2026/06/22 19:04:37   WARN]               [BlockSetModule|P] Creating block sets: Failed to find block name 'Coop_Chicken'
[2026/06/22 19:04:37   WARN]               [BlockSetModule|P] Creating block sets: Failed to find hitbox name 'Fence'
[2026/06/22 19:04:37   WARN]               [BlockSetModule|P] Creating block sets: Failed to find hitbox name 'Fence_Gate'
[2026/06/22 19:04:37   WARN]               [BlockSetModule|P] Creating block sets: Failed to find hitbox name 'Fence_Gate_Open_In'
[2026/06/22 19:04:37   WARN]               [BlockSetModule|P] Creating block sets: Failed to find hitbox name 'Fence_Gate_Open_Out'
[2026/06/22 19:04:37   WARN]               [BlockSetModule|P] Creating block sets: Failed to find hitbox name 'Fence_Thin'
[2026/06/22 19:04:37   WARN]               [BlockSetModule|P] Creating block sets: Failed to find hitbox name 'Fence_Thick'
[2026/06/22 19:04:37   WARN]               [BlockSetModule|P] Creating block sets: Failed to find hitbox name 'Fence_Corner'
[2026/06/22 19:04:37   WARN]               [BlockSetModule|P] Creating block sets: Failed to find hitbox name 'Fence_Corner_Thin'
[2026/06/22 19:04:37   WARN]               [BlockSetModule|P] Creating block sets: Failed to find hitbox name 'Fence_Corner_Thick'
[2026/06/22 19:04:37   WARN]               [BlockSetModule|P] Creating block sets: Failed to find block name 'Furniture_Crude_Bed'
[2026/06/22 19:04:37   WARN]               [BlockSetModule|P] Creating block sets: Failed to find block name 'Soil_Grass'
[2026/06/22 19:04:37   WARN]               [BlockSetModule|P] Creating block sets: Failed to find block name 'Soil_Dirt'
[2026/06/22 19:04:37   WARN]               [BlockSetModule|P] Creating block sets: Failed to find block name 'Soil_Dirt_Poisoned'
[2026/06/22 19:04:37   WARN]               [BlockSetModule|P] Creating block sets: Failed to find block name 'Soil_Mud'
[2026/06/22 19:04:37   WARN]               [BlockSetModule|P] Creating block sets: Failed to find block name 'Deco_Bone_Pile'
[2026/06/22 19:04:37   WARN]               [BlockSetModule|P] Creating block sets: Failed to find block name 'Deco_Bone_Skulls'
[2026/06/22 19:04:37   WARN]               [BlockSetModule|P] Creating block sets: Failed to find block name 'Soil_Gravel_Sand'
[2026/06/22 19:04:37   WARN]               [BlockSetModule|P] Creating block sets: Failed to find block name 'Soil_Dirt'
[2026/06/22 19:04:37   WARN]               [BlockSetModule|P] Creating block sets: Failed to find block name 'Soil_Clay'
[2026/06/22 19:04:37   WARN]               [BlockSetModule|P] Creating block sets: Failed to find block name 'Rock_Stone'
[2026/06/22 19:04:37   WARN]               [BlockSetModule|P] Creating block sets: Failed to find block name 'Rock_Marble'
[2026/06/22 19:04:37   WARN]               [BlockSetModule|P] Creating block sets: Failed to find block name 'Rock_Chalk'
[2026/06/22 19:04:37   WARN]               [BlockSetModule|P] Creating block sets: Failed to find block name 'Ingredient_Hay'
[2026/06/22 19:04:37   WARN]               [BlockSetModule|P] Creating block sets: Failed to find block name 'Bench_Trough'
[2026/06/22 19:04:37   WARN]                [AssetStore|Item] Unused key(s) in 'Wood_Oak_Trunk_Stairs' file /Server/Item/Items/Wood/Oak/Wood_Oak_Trunk_Stairs.json: Recipe.BenchRequirement.0.Set
[2026/06/22 19:04:37   WARN]                [AssetStore|Item] Unused key(s) in 'Wood_Oak_Trunk_Half' file /Server/Item/Items/Wood/Oak/Wood_Oak_Trunk_Half.json: Recipe.BenchRequirement.0.Set
[2026/06/22 19:04:37   WARN]                [AssetStore|Item] Unused key(s) in 'Wood_Apple_Trunk_Stairs' file /Server/Item/Items/Wood/Apple/Wood_Apple_Trunk_Stairs.json: Recipe.BenchRequirement.0.Set
[2026/06/22 19:04:37   WARN]                [AssetStore|Item] Unused key(s) in 'Wood_Apple_Trunk_Half' file /Server/Item/Items/Wood/Apple/Wood_Apple_Trunk_Half.json: Recipe.BenchRequirement.0.Set
[2026/06/22 19:04:37   WARN]                [AssetStore|Item] Unused key(s) in 'Soil_Needles' file /Server/Item/Items/Soil/Soil_Needles.json: Recipe.BenchRequirement.0.Set
[2026/06/22 19:04:37   WARN]                [AssetStore|Item] Unused key(s) in 'EditorTool_LaserPointer' file /Server/Item/Items/EditorTool/EditorTool_LaserPointer.json: BuilderTool.BrushData
[2026/06/22 19:04:37   WARN]                [AssetStore|Item] Unused key(s) in 'Bench_Weapon' file /Server/Item/Items/Bench/Bench_Weapon.json: PhysicalMaterialId
[2026/06/22 19:04:37   WARN]                [AssetStore|Item] Unused key(s) in 'Wood_Maple_Trunk_Stairs' file /Server/Item/Items/Wood/Maple/Wood_Maple_Trunk_Stairs.json: Recipe.BenchRequirement.0.Set
[2026/06/22 19:04:37   WARN]                [AssetStore|Item] Unused key(s) in 'Wood_Gumboab_Trunk_Stairs' file /Server/Item/Items/Wood/Gumboab/Wood_Gumboab_Trunk_Stairs.json: Recipe.BenchRequirement.0.Set
[2026/06/22 19:04:37   WARN]                [AssetStore|Item] Unused key(s) in 'Wood_Aspen_Trunk_Stairs' file /Server/Item/Items/Wood/Aspen/Wood_Aspen_Trunk_Stairs.json: Recipe.BenchRequirement.0.Set
[2026/06/22 19:04:37   WARN]                [AssetStore|Item] Unused key(s) in 'Wood_Birch_Trunk_Stairs' file /Server/Item/Items/Wood/Birch/Wood_Birch_Trunk_Stairs.json: Recipe.BenchRequirement.0.Set
[2026/06/22 19:04:37   WARN]                [AssetStore|Item] Unused key(s) in 'Wood_Fire_Trunk_Stairs' file /Server/Item/Items/Wood/Fire/Wood_Fire_Trunk_Stairs.json: Recipe.BenchRequirement.0.Set
[2026/06/22 19:04:37   WARN]                [AssetStore|Item] Unused key(s) in 'Wood_Ice_Trunk_Stairs' file /Server/Item/Items/Wood/Ice/Wood_Ice_Trunk_Stairs.json: Recipe.BenchRequirement.0.Set
[2026/06/22 19:04:37   WARN]                [AssetStore|Item] Unused key(s) in 'Wood_Stormbark_Trunk_Stairs' file /Server/Item/Items/Wood/Stormbark/Wood_Stormbark_Trunk_Stairs.json: Recipe.BenchRequirement.0.Set
[2026/06/22 19:04:37   WARN]                [AssetStore|Item] Unused key(s) in 'Wood_Burnt_Trunk_Stairs' file /Server/Item/Items/Wood/Burnt/Wood_Burnt_Trunk_Stairs.json: Recipe.BenchRequirement.0.Set
[2026/06/22 19:04:37   WARN]                [AssetStore|Item] Unused key(s) in 'Wood_Palo_Trunk_Stairs' file /Server/Item/Items/Wood/Palo/Wood_Palo_Trunk_Stairs.json: Recipe.BenchRequirement.0.Set
[2026/06/22 19:04:37   WARN]                [AssetStore|Item] Unused key(s) in 'Wood_Poisoned_Trunk_Stairs' file /Server/Item/Items/Wood/Poisoned/Wood_Poisoned_Trunk_Stairs.json: Recipe.BenchRequirement.0.Set
[2026/06/22 19:04:37   WARN]                [AssetStore|Item] Unused key(s) in 'Wood_Ash_Trunk_Stairs' file /Server/Item/Items/Wood/Ash/Wood_Ash_Trunk_Stairs.json: Recipe.BenchRequirement.0.Set
[2026/06/22 19:04:37   WARN]                [AssetStore|Item] Unused key(s) in 'Wood_Wisteria_Wild_Trunk_Stairs' file /Server/Item/Items/Wood/Wisteria/Wood_Wisteria_Wild_Trunk_Stairs.json: Recipe.BenchRequirement.0.Set
[2026/06/22 19:04:37   WARN]                [AssetStore|Item] Unused key(s) in 'Wood_Camphor_Trunk_Stairs' file /Server/Item/Items/Wood/Camphor/Wood_Camphor_Trunk_Stairs.json: Recipe.BenchRequirement.0.Set
[2026/06/22 19:04:37   WARN]                [AssetStore|Item] Unused key(s) in 'Wood_Crystal_Trunk_Stairs' file /Server/Item/Items/Wood/Crystal/Wood_Crystal_Trunk_Stairs.json: Recipe.BenchRequirement.0.Set
[2026/06/22 19:04:37   WARN]                [AssetStore|Item] Unused key(s) in 'Wood_Fig_Blue_Trunk_Stairs' file /Server/Item/Items/Wood/Fig_Blue/Wood_Fig_Blue_Trunk_Stairs.json: Recipe.BenchRequirement.0.Set
[2026/06/22 19:04:37   WARN]                [AssetStore|Item] Unused key(s) in 'Wood_Bamboo_Trunk_Stairs_Deco' file /Server/Item/Items/Wood/Bamboo/Wood_Bamboo_Trunk_Stairs_Deco.json: Recipe.BenchRequirement.0.Set
[2026/06/22 19:04:37   WARN]                [AssetStore|Item] Unused key(s) in 'Wood_Dry_Trunk_Stairs' file /Server/Item/Items/Wood/Dry/Wood_Dry_Trunk_Stairs.json: Recipe.BenchRequirement.0.Set
[2026/06/22 19:04:37   WARN]                [AssetStore|Item] Unused key(s) in 'Wood_Spiral_Trunk_Stairs' file /Server/Item/Items/Wood/Spiral/Wood_Spiral_Trunk_Stairs.json: Recipe.BenchRequirement.0.Set
[2026/06/22 19:04:37   WARN]                [AssetStore|Item] Unused key(s) in 'Wood_Cedar_Trunk_Stairs' file /Server/Item/Items/Wood/Cedar/Wood_Cedar_Trunk_Stairs.json: Recipe.BenchRequirement.0.Set
[2026/06/22 19:04:37   WARN]                [AssetStore|Item] Unused key(s) in 'Wood_Amber_Trunk_Stairs' file /Server/Item/Items/Wood/Amber/Wood_Amber_Trunk_Stairs.json: Recipe.BenchRequirement.0.Set
[2026/06/22 19:04:37   WARN]                [AssetStore|Item] Unused key(s) in 'Wood_Fir_Trunk_Stairs' file /Server/Item/Items/Wood/Fir/Wood_Fir_Trunk_Stairs.json: Recipe.BenchRequirement.0.Set
[2026/06/22 19:04:37   WARN]                [AssetStore|Item] Unused key(s) in 'Wood_Redwood_Trunk_Stairs' file /Server/Item/Items/Wood/Redwood/Wood_Redwood_Trunk_Stairs.json: Recipe.BenchRequirement.0.Set
[2026/06/22 19:04:37   WARN]                [AssetStore|Item] Unused key(s) in 'Wood_Bottletree_Trunk_Stairs' file /Server/Item/Items/Wood/Bottletree/Wood_Bottletree_Trunk_Stairs.json: Recipe.BenchRequirement.0.Set
[2026/06/22 19:04:37   WARN]                [AssetStore|Item] Unused key(s) in 'Wood_Petrified_Trunk_Stairs' file /Server/Item/Items/Wood/Petrified/Wood_Petrified_Trunk_Stairs.json: Recipe.BenchRequirement.0.Set
[2026/06/22 19:04:37   WARN]                [AssetStore|Item] Unused key(s) in 'Wood_Beech_Trunk_Stairs' file /Server/Item/Items/Wood/Beech/Wood_Beech_Trunk_Stairs.json: Recipe.BenchRequirement.0.Set
[2026/06/22 19:04:37   WARN]                [AssetStore|Item] Unused key(s) in 'Wood_Windwillow_Trunk_Stairs' file /Server/Item/Items/Wood/Windwillow/Wood_Windwillow_Trunk_Stairs.json: Recipe.BenchRequirement.0.Set
[2026/06/22 19:04:37   WARN]                [AssetStore|Item] Unused key(s) in 'Wood_Bamboo_Trunk_Stairs' file /Server/Item/Items/Wood/Bamboo/Wood_Bamboo_Trunk_Stairs.json: Recipe.BenchRequirement.0.Set
[2026/06/22 19:04:37   WARN]                [AssetStore|Item] Unused key(s) in 'Wood_Banyan_Trunk_Stairs' file /Server/Item/Items/Wood/Banyan/Wood_Banyan_Trunk_Stairs.json: Recipe.BenchRequirement.0.Set
[2026/06/22 19:04:37   WARN]                [AssetStore|Item] Unused key(s) in 'Wood_Azure_Trunk_Stairs' file /Server/Item/Items/Wood/Azure/Wood_Azure_Trunk_Stairs.json: Recipe.BenchRequirement.0.Set
[2026/06/22 19:04:37   WARN]                [AssetStore|Item] Unused key(s) in 'Wood_Palm_Trunk_Stairs' file /Server/Item/Items/Wood/Palm/Wood_Palm_Trunk_Stairs.json: Recipe.BenchRequirement.0.Set
[2026/06/22 19:04:37   WARN]                [AssetStore|Item] Unused key(s) in 'Wood_Sallow_Trunk_Stairs' file /Server/Item/Items/Wood/Sallow/Wood_Sallow_Trunk_Stairs.json: Recipe.BenchRequirement.0.Set
[2026/06/22 19:04:37   WARN]                [AssetStore|Item] Unused key(s) in 'Wood_Jungle_Trunk_Stairs' file /Server/Item/Items/Wood/Jungle/Wood_Jungle_Trunk_Stairs.json: Recipe.BenchRequirement.0.Set
[2026/06/22 19:04:37   WARN]                [AssetStore|Item] Unused key(s) in 'Wood_Bottletree_Trunk_Half' file /Server/Item/Items/Wood/Bottletree/Wood_Bottletree_Trunk_Half.json: Recipe.BenchRequirement.0.Set
[2026/06/22 19:04:37   WARN]                [AssetStore|Item] Unused key(s) in 'Wood_Jungle_Trunk_Half' file /Server/Item/Items/Wood/Jungle/Wood_Jungle_Trunk_Half.json: Recipe.BenchRequirement.0.Set
[2026/06/22 19:04:37   WARN]                [AssetStore|Item] Unused key(s) in 'Wood_Birch_Trunk_Half' file /Server/Item/Items/Wood/Birch/Wood_Birch_Trunk_Half.json: Recipe.BenchRequirement.0.Set
[2026/06/22 19:04:37   WARN]                [AssetStore|Item] Unused key(s) in 'Wood_Ash_Trunk_Half' file /Server/Item/Items/Wood/Ash/Wood_Ash_Trunk_Half.json: Recipe.BenchRequirement.0.Set
[2026/06/22 19:04:37   WARN]                [AssetStore|Item] Unused key(s) in 'Wood_Fire_Trunk_Half' file /Server/Item/Items/Wood/Fire/Wood_Fire_Trunk_Half.json: Recipe.BenchRequirement.0.Set
[2026/06/22 19:04:37   WARN]                [AssetStore|Item] Unused key(s) in 'Wood_Fir_Trunk_Half' file /Server/Item/Items/Wood/Fir/Wood_Fir_Trunk_Half.json: Recipe.BenchRequirement.0.Set
[2026/06/22 19:04:37   WARN]                [AssetStore|Item] Unused key(s) in 'Wood_Azure_Trunk_Half' file /Server/Item/Items/Wood/Azure/Wood_Azure_Trunk_Half.json: Recipe.BenchRequirement.0.Set
[2026/06/22 19:04:37   WARN]                [AssetStore|Item] Unused key(s) in 'Wood_Burnt_Trunk_Half' file /Server/Item/Items/Wood/Burnt/Wood_Burnt_Trunk_Half.json: Recipe.BenchRequirement.0.Set
[2026/06/22 19:04:37   WARN]                [AssetStore|Item] Unused key(s) in 'Wood_Palo_Trunk_Half' file /Server/Item/Items/Wood/Palo/Wood_Palo_Trunk_Half.json: Recipe.BenchRequirement.0.Set
[2026/06/22 19:04:37   WARN]                [AssetStore|Item] Unused key(s) in 'Wood_Banyan_Trunk_Half' file /Server/Item/Items/Wood/Banyan/Wood_Banyan_Trunk_Half.json: Recipe.BenchRequirement.0.Set
[2026/06/22 19:04:37   WARN]                [AssetStore|Item] Unused key(s) in 'Wood_Wisteria_Wild_Trunk_Half' file /Server/Item/Items/Wood/Wisteria/Wood_Wisteria_Wild_Trunk_Half.json: Recipe.BenchRequirement.0.Set
[2026/06/22 19:04:37   WARN]                [AssetStore|Item] Unused key(s) in 'Wood_Maple_Trunk_Half' file /Server/Item/Items/Wood/Maple/Wood_Maple_Trunk_Half.json: Recipe.BenchRequirement.0.Set
[2026/06/22 19:04:37   WARN]                [AssetStore|Item] Unused key(s) in 'Wood_Fig_Blue_Trunk_Half' file /Server/Item/Items/Wood/Fig_Blue/Wood_Fig_Blue_Trunk_Half.json: Recipe.BenchRequirement.0.Set
[2026/06/22 19:04:37   WARN]                [AssetStore|Item] Unused key(s) in 'Wood_Bamboo_Trunk_Half_Deco' file /Server/Item/Items/Wood/Bamboo/Wood_Bamboo_Trunk_Half_Deco.json: Recipe.BenchRequirement.0.Set
[2026/06/22 19:04:37   WARN]                [AssetStore|Item] Unused key(s) in 'Wood_Amber_Trunk_Half' file /Server/Item/Items/Wood/Amber/Wood_Amber_Trunk_Half.json: Recipe.BenchRequirement.0.Set
[2026/06/22 19:04:37   WARN]                [AssetStore|Item] Unused key(s) in 'Wood_Redwood_Trunk_Half' file /Server/Item/Items/Wood/Redwood/Wood_Redwood_Trunk_Half.json: Recipe.BenchRequirement.0.Set
[2026/06/22 19:04:37   WARN]                [AssetStore|Item] Unused key(s) in 'Wood_Cedar_Trunk_Half' file /Server/Item/Items/Wood/Cedar/Wood_Cedar_Trunk_Half.json: Recipe.BenchRequirement.0.Set
[2026/06/22 19:04:37   WARN]                [AssetStore|Item] Unused key(s) in 'Wood_Dry_Trunk_Half' file /Server/Item/Items/Wood/Dry/Wood_Dry_Trunk_Half.json: Recipe.BenchRequirement.0.Set
[2026/06/22 19:04:37   WARN]                [AssetStore|Item] Unused key(s) in 'Wood_Bamboo_Trunk_Half' file /Server/Item/Items/Wood/Bamboo/Wood_Bamboo_Trunk_Half.json: Recipe.BenchRequirement.0.Set
[2026/06/22 19:04:37   WARN]                [AssetStore|Item] Unused key(s) in 'Wood_Gumboab_Trunk_Half' file /Server/Item/Items/Wood/Gumboab/Wood_Gumboab_Trunk_Half.json: Recipe.BenchRequirement.0.Set
[2026/06/22 19:04:37   WARN]                [AssetStore|Item] Unused key(s) in 'Wood_Sallow_Trunk_Half' file /Server/Item/Items/Wood/Sallow/Wood_Sallow_Trunk_Half.json: Recipe.BenchRequirement.0.Set
[2026/06/22 19:04:37   WARN]                [AssetStore|Item] Unused key(s) in 'Wood_Spiral_Trunk_Half' file /Server/Item/Items/Wood/Spiral/Wood_Spiral_Trunk_Half.json: Recipe.BenchRequirement.0.Set
[2026/06/22 19:04:37   WARN]                [AssetStore|Item] Unused key(s) in 'Wood_Beech_Trunk_Half' file /Server/Item/Items/Wood/Beech/Wood_Beech_Trunk_Half.json: Recipe.BenchRequirement.0.Set
[2026/06/22 19:04:37   WARN]                [AssetStore|Item] Unused key(s) in 'Wood_Aspen_Trunk_Half' file /Server/Item/Items/Wood/Aspen/Wood_Aspen_Trunk_Half.json: Recipe.BenchRequirement.0.Set
[2026/06/22 19:04:37   WARN]                [AssetStore|Item] Unused key(s) in 'Wood_Petrified_Trunk_Half' file /Server/Item/Items/Wood/Petrified/Wood_Petrified_Trunk_Half.json: Recipe.BenchRequirement.0.Set
[2026/06/22 19:04:37   WARN]                [AssetStore|Item] Unused key(s) in 'Wood_Crystal_Trunk_Half' file /Server/Item/Items/Wood/Crystal/Wood_Crystal_Trunk_Half.json: Recipe.BenchRequirement.0.Set
[2026/06/22 19:04:37   WARN]                [AssetStore|Item] Unused key(s) in 'Wood_Windwillow_Trunk_Half' file /Server/Item/Items/Wood/Windwillow/Wood_Windwillow_Trunk_Half.json: Recipe.BenchRequirement.0.Set
[2026/06/22 19:04:37   WARN]                [AssetStore|Item] Unused key(s) in 'Wood_Palm_Trunk_Half' file /Server/Item/Items/Wood/Palm/Wood_Palm_Trunk_Half.json: Recipe.BenchRequirement.0.Set
[2026/06/22 19:04:37   WARN]                [AssetStore|Item] Unused key(s) in 'Wood_Camphor_Trunk_Half' file /Server/Item/Items/Wood/Camphor/Wood_Camphor_Trunk_Half.json: Recipe.BenchRequirement.0.Set
[2026/06/22 19:04:37   WARN]                [AssetStore|Item] Unused key(s) in 'Wood_Ice_Trunk_Half' file /Server/Item/Items/Wood/Ice/Wood_Ice_Trunk_Half.json: Recipe.BenchRequirement.0.Set
[2026/06/22 19:04:37   WARN]                [AssetStore|Item] Unused key(s) in 'Wood_Stormbark_Trunk_Half' file /Server/Item/Items/Wood/Stormbark/Wood_Stormbark_Trunk_Half.json: Recipe.BenchRequirement.0.Set
[2026/06/22 19:04:37   WARN]                [AssetStore|Item] Unused key(s) in 'Wood_Poisoned_Trunk_Half' file /Server/Item/Items/Wood/Poisoned/Wood_Poisoned_Trunk_Half.json: Recipe.BenchRequirement.0.Set
[2026/06/22 19:04:37   WARN]         [AssetStore|Interaction] Unused key(s) in '**Template_Weapon_Crossbow_InteractionVars_Guard_Bash_Interactions_1': Effects, StatModifiers
[2026/06/22 19:04:37   WARN]         [AssetStore|Interaction] Unused key(s) in '**Weapon_Staff_Thorium_InteractionVars_Staff_Cast_Summon_Charged_Interactions_0': Costs
[2026/06/22 19:04:37   WARN]         [AssetStore|Interaction] Unused key(s) in '**Tool_Sickle_Copper_InteractionVars_Swing_Left_Effect_Interactions_0': WorldSoundEventId
[2026/06/22 19:04:37   WARN]         [AssetStore|Interaction] Unused key(s) in '**Weapon_Staff_Iron_InteractionVars_Staff_Cast_Summon_Charged_Interactions_0': Costs
[2026/06/22 19:04:37   WARN]         [AssetStore|Interaction] Unused key(s) in '**Weapon_Staff_Bone_InteractionVars_Staff_Cast_Summon_Charged_Interactions_0': Costs
[2026/06/22 19:04:37   WARN]         [AssetStore|Interaction] Unused key(s) in '**Weapon_Staff_Wood_InteractionVars_Staff_Cast_Summon_Charged_Interactions_0': Costs
[2026/06/22 19:04:37   WARN]         [AssetStore|Interaction] Unused key(s) in '**Template_Weapon_Shield_InteractionVars_Guard_Bash_Interactions_1': Effects, StatModifiers
[2026/06/22 19:04:37   WARN]         [AssetStore|Interaction] Unused key(s) in '**Weapon_Staff_Cobalt_InteractionVars_Staff_Cast_Summon_Charged_Interactions_0': Costs
[2026/06/22 19:04:37   WARN]         [AssetStore|Interaction] Unused key(s) in '**Tool_Sickle_Steel_Rusty_InteractionVars_Swing_Left_Effect_Interactions_0': WorldSoundEventId
[2026/06/22 19:04:37   WARN]         [AssetStore|Interaction] Unused key(s) in '**Tool_Sickle_Steel_Rusty_InteractionVars_Swing_Right_Effect_Interactions_0': WorldSoundEventId
[2026/06/22 19:04:37   WARN]         [AssetStore|Interaction] Unused key(s) in '**Tool_Sickle_Crude_InteractionVars_Swing_Right_Effect_Interactions_0': WorldSoundEventId
[2026/06/22 19:04:37   WARN]         [AssetStore|Interaction] Unused key(s) in '**Weapon_Staff_Mithril_InteractionVars_Staff_Cast_Summon_Charged_Interactions_0': Costs
[2026/06/22 19:04:37   WARN]         [AssetStore|Interaction] Unused key(s) in '**Weapon_Staff_Bo_Bamboo_InteractionVars_Staff_Cast_Summon_Charged_Interactions_0': Costs
[2026/06/22 19:04:37   WARN]         [AssetStore|Interaction] Unused key(s) in '**Weapon_Staff_Wood_Rotten_InteractionVars_Staff_Cast_Summon_Charged_Interactions_0': Costs
[2026/06/22 19:04:37   WARN]         [AssetStore|Interaction] Unused key(s) in '**Weapon_Staff_Frost_InteractionVars_Staff_Cast_Summon_Charged_Interactions_0': Costs
[2026/06/22 19:04:37   WARN]         [AssetStore|Interaction] Unused key(s) in '**Template_Weapon_Shortbow_InteractionVars_Guard_Bash_Interactions_1': Effects, StatModifiers
[2026/06/22 19:04:37   WARN]         [AssetStore|Interaction] Unused key(s) in '**Weapon_Staff_Crystal_Red_InteractionVars_Staff_Cast_Summon_Charged_Interactions_0': Costs
[2026/06/22 19:04:37   WARN]         [AssetStore|Interaction] Unused key(s) in '**Weapon_Staff_Wizard_InteractionVars_Staff_Cast_Summon_Charged_Interactions_0': Costs
[2026/06/22 19:04:37   WARN]         [AssetStore|Interaction] Unused key(s) in '**Tool_Sickle_Copper_InteractionVars_Swing_Right_Effect_Interactions_0': WorldSoundEventId
[2026/06/22 19:04:37   WARN]         [AssetStore|Interaction] Unused key(s) in '**Weapon_Staff_Crystal_Flame_InteractionVars_Fireball_Impact_2_Interactions_0': EntityStatsOnHit
[2026/06/22 19:04:37   WARN]         [AssetStore|Interaction] Unused key(s) in '**Weapon_Shield_Copper_InteractionVars_Guard_Bash_Interactions_0': Effects, StatModifiers
[2026/06/22 19:04:37   WARN]         [AssetStore|Interaction] Unused key(s) in '**Weapon_Staff_Crystal_Flame_InteractionVars_Fireball_Impact_3_Interactions_0': EntityStatsOnHit
[2026/06/22 19:04:37   WARN]         [AssetStore|Interaction] Unused key(s) in '**Tool_Sickle_Iron_InteractionVars_Swing_Right_Effect_Interactions_0': WorldSoundEventId
[2026/06/22 19:04:37   WARN]         [AssetStore|Interaction] Unused key(s) in '**Tool_Sickle_Iron_InteractionVars_Swing_Left_Effect_Interactions_0': WorldSoundEventId
[2026/06/22 19:04:37   WARN]         [AssetStore|Interaction] Unused key(s) in '**Weapon_Staff_Cane_InteractionVars_Staff_Cast_Summon_Charged_Interactions_0': Costs
[2026/06/22 19:04:37   WARN]         [AssetStore|Interaction] Unused key(s) in '**Weapon_Staff_Copper_InteractionVars_Staff_Cast_Summon_Charged_Interactions_0': Costs
[2026/06/22 19:04:37   WARN]         [AssetStore|Interaction] Unused key(s) in '**Weapon_Staff_Onion_InteractionVars_Staff_Cast_Summon_Charged_Interactions_0': Costs
[2026/06/22 19:04:37   WARN]         [AssetStore|Interaction] Unused key(s) in '**Halloween_Broomstick_InteractionVars_Staff_Cast_Summon_Charged_Interactions_0': Costs
[2026/06/22 19:04:37   WARN]         [AssetStore|Interaction] Unused key(s) in '**Weapon_Staff_Doomed_InteractionVars_Staff_Cast_Summon_Charged_Interactions_0': Costs
[2026/06/22 19:04:37   WARN]         [AssetStore|Interaction] Unused key(s) in '**Weapon_Staff_Adamantite_InteractionVars_Staff_Cast_Summon_Charged_Interactions_0': Costs
[2026/06/22 19:04:37   WARN]         [AssetStore|Interaction] Unused key(s) in '**Weapon_Staff_Wood_Kweebec_InteractionVars_Staff_Cast_Summon_Charged_Interactions_0': Costs
[2026/06/22 19:04:37   WARN]         [AssetStore|Interaction] Unused key(s) in '**Weapon_Staff_Crystal_Purple_InteractionVars_Staff_Cast_Summon_Charged_Interactions_0': Costs
[2026/06/22 19:04:37   WARN]         [AssetStore|Interaction] Unused key(s) in '**Tool_Sickle_Crude_InteractionVars_Swing_Left_Effect_Interactions_0': WorldSoundEventId
[2026/06/22 19:04:37   WARN]         [AssetStore|Interaction] Unused key(s) in '**Weapon_Staff_Crystal_Fire_Trork_InteractionVars_Staff_Cast_Summon_Charged_Interactions_0': Costs
[2026/06/22 19:04:37   WARN]         [AssetStore|Interaction] Unused key(s) in '**Weapon_Staff_Bronze_InteractionVars_Staff_Cast_Summon_Charged_Interactions_0': Costs
[2026/06/22 19:04:37   WARN]         [AssetStore|Interaction] Unused key(s) in '**Weapon_Staff_Onyxium_InteractionVars_Staff_Cast_Summon_Charged_Interactions_0': Costs
[2026/06/22 19:04:37   WARN]         [AssetStore|Interaction] Unused key(s) in '**Weapon_Staff_Bo_Wood_InteractionVars_Staff_Cast_Summon_Charged_Interactions_0': Costs
[2026/06/22 19:04:37   WARN]         [AssetStore|Interaction] Unused key(s) in '**Soil_Quartzite_Gravel_Half_Interactions_Secondary_Interactions_0': Categories, Set
[2026/06/22 19:04:37   WARN]         [AssetStore|Interaction] Unused key(s) in '***Plant_Crop_Mushroom_Glowing_Orange_Interactions_Secondary_Interactions_0_Next': Effects
[2026/06/22 19:04:37   WARN]         [AssetStore|Interaction] Unused key(s) in '***Plant_Crop_Mushroom_Glowing_Violet_Interactions_Secondary_Interactions_0_Next': Effects
[2026/06/22 19:04:37   WARN]         [AssetStore|Interaction] Unused key(s) in '***Plant_Crop_Mushroom_Glowing_Green_Interactions_Secondary_Interactions_0_Next': Effects
[2026/06/22 19:04:37   WARN]         [AssetStore|Interaction] Unused key(s) in '***Plant_Crop_Mushroom_Glowing_Red_Interactions_Secondary_Interactions_0_Next': Effects
[2026/06/22 19:04:37   WARN]         [AssetStore|Interaction] Unused key(s) in '***Plant_Crop_Mushroom_Glowing_Blue_Interactions_Secondary_Interactions_0_Next': Effects
[2026/06/22 19:04:37   WARN]         [AssetStore|Interaction] Unused key(s) in '***Plant_Crop_Mushroom_Glowing_Purple_Interactions_Secondary_Interactions_0_Next': Effects
[2026/06/22 19:04:37   WARN]           [AssetStore|BlockType] Unused key(s) in 'Debug_Falling_Explosive': ExplosionConfig.Knockback.VelocityConfig.Direction
[2026/06/22 19:04:37   WARN]           [AssetStore|BlockType] Unused key(s) in 'Coop_Chicken': State.Id
[2026/06/22 19:04:37   WARN]           [AssetStore|BlockType] Unused key(s) in 'Soil_Dirt_Tilled': State.Id
[2026/06/22 19:04:37   WARN]         [AssetStore|Interaction] Unused key(s) in '**Teleporter_Interactions_Use_Interactions_0': Page.ActiveState, Page.WarpNameWordList
[2026/06/22 19:04:37   WARN]         [AssetStore|Interaction] Unused key(s) in '**Portal_Device_Interactions_Use_Interactions_0': Page.Config.GameplayConfig
[2026/06/22 19:04:37   WARN]           [AssetStore|BlockType] Unused key(s) in '*Prototype_Geyser_State_Definitions_Off': SoundEventId
[2026/06/22 19:04:38   WARN]           [AssetStore|BlockType] Unused key(s) in '*Prototype_Geyser_State_Definitions_On': SoundEventId
[2026/06/22 19:04:38   WARN]         [AssetStore|Interaction] Unused key(s) in '***Teleporter_State_Definitions_Active_Interactions_Use_Interactions_0': Page.ActiveState, Page.WarpNameWordList
[2026/06/22 19:04:38   INFO]                   [ItemModule|P] Computed damage data for 0 of 0 weapon items
[2026/06/22 19:04:38   INFO]                   [ItemModule|P] Computed damage data for 216 of 255 weapon items
[2026/06/22 19:04:38   WARN]      [AssetStore|GameplayConfig] Unused key(s) in 'Default' file /Server/GameplayConfigs/Default.json: Ping
[2026/06/22 19:04:38   WARN]      [AssetStore|GameplayConfig] Unused key(s) in 'Default_Instance' file /Server/GameplayConfigs/Default_Instance.json: Death.LoseItems
[2026/06/22 19:04:38   INFO]            [AssetRegistryLoader] Took 7sec 85ms 31us 200ns to load all assets
[2026/06/22 19:04:38   INFO]                         [Hytale] Loading assets from: C:\Users\Ross\Desktop\DruidFormsV1\src\main\resources\Server
[2026/06/22 19:04:38   INFO]            [AssetRegistryLoader] Loading assets from C:\Users\Ross\Desktop\DruidFormsV1\src\main\resources\Server
[2026/06/22 19:04:38   WARN]                [AssetStore|Item] Failed to validate asset!
Id: Druid_Shrine
Path: C:\Users\Ross\Desktop\DruidFormsV1\src\main\resources\Server\Item\Items\Bench\Druid_Shrine.json
Key: Recipe
Results:
	WARNING: Bench Requirement in recipe for 'Fieldcraft' should not have a delay (TimeSeconds) set!

[2026/06/22 19:04:38   WARN]         [AssetStore|Interaction] Unused key(s) in '**Verdant_Shark_Tooth_InteractionVars_Vortexstrike_Stab_Damage_Interactions_0': EntityStatsOnHit.0.Target
[2026/06/22 19:04:38   WARN]         [AssetStore|Interaction] Unused key(s) in '**Primal_Shark_Tooth_InteractionVars_Swing_Left_Damage_Interactions_0': EntityStatsOnHit.0.Target
[2026/06/22 19:04:38   WARN]         [AssetStore|Interaction] Unused key(s) in '**Primal_Shark_Tooth_InteractionVars_Swing_Right_Damage_Interactions_0': EntityStatsOnHit.0.Target
[2026/06/22 19:04:38   WARN]         [AssetStore|Interaction] Unused key(s) in '**Primal_Shark_Tooth_InteractionVars_Vortexstrike_Stab_Damage_Interactions_0': EntityStatsOnHit.0.Target
[2026/06/22 19:04:38   WARN]         [AssetStore|Interaction] Unused key(s) in '**Verdant_Bear_Skin_InteractionVars_Groundslam_Damage_Interactions_0': EntityStatsOnHit.0.Target
[2026/06/22 19:04:38   WARN]         [AssetStore|Interaction] Unused key(s) in '**Verdant_Shark_Tooth_InteractionVars_Swing_Down_Damage_Interactions_0': EntityStatsOnHit.0.Target
[2026/06/22 19:04:38   WARN]         [AssetStore|Interaction] Unused key(s) in '**Elder_Shark_Tooth_InteractionVars_Thrust_Damage_Interactions_0': EntityStatsOnHit.1.Target
[2026/06/22 19:04:38   WARN]         [AssetStore|Interaction] Unused key(s) in '**Elder_Shark_Tooth_InteractionVars_Swing_Left_Damage_Interactions_0': EntityStatsOnHit.0.Target
[2026/06/22 19:04:38   WARN]         [AssetStore|Interaction] Unused key(s) in '**Elder_Bear_Skin_InteractionVars_Groundslam_Damage_Interactions_0': EntityStatsOnHit.0.Target
[2026/06/22 19:04:38   WARN]         [AssetStore|Interaction] Unused key(s) in '**Shark_Tooth_InteractionVars_Swing_Left_Damage_Interactions_0': EntityStatsOnHit.0.Target
[2026/06/22 19:04:38   WARN]         [AssetStore|Interaction] Unused key(s) in '**Shark_Tooth_InteractionVars_Vortexstrike_Spin_Damage_Interactions_0': EntityStatsOnHit.0.Target
[2026/06/22 19:04:38   WARN]         [AssetStore|Interaction] Unused key(s) in '**Elder_Shark_Tooth_InteractionVars_Swing_Right_Damage_Interactions_0': EntityStatsOnHit.0.Target
[2026/06/22 19:04:38   WARN]         [AssetStore|Interaction] Unused key(s) in '**Verdant_Shark_Tooth_InteractionVars_Swing_Left_Damage_Interactions_0': EntityStatsOnHit.0.Target
[2026/06/22 19:04:38   WARN]         [AssetStore|Interaction] Unused key(s) in '**Shark_Tooth_InteractionVars_Swing_Down_Damage_Interactions_0': EntityStatsOnHit.0.Target
[2026/06/22 19:04:38   WARN]         [AssetStore|Interaction] Unused key(s) in '**Verdant_Shark_Tooth_InteractionVars_Swing_Right_Damage_Interactions_0': EntityStatsOnHit.0.Target
[2026/06/22 19:04:38   WARN]         [AssetStore|Interaction] Unused key(s) in '**Verdant_Shark_Tooth_InteractionVars_Vortexstrike_Spin_Damage_Interactions_0': EntityStatsOnHit.0.Target
[2026/06/22 19:04:38   WARN]         [AssetStore|Interaction] Unused key(s) in '**Bear_Skin_InteractionVars_Groundslam_Damage_Interactions_0': EntityStatsOnHit.0.Target
[2026/06/22 19:04:38   WARN]         [AssetStore|Interaction] Unused key(s) in '**Primal_Shark_Tooth_InteractionVars_Vortexstrike_Spin_Damage_Interactions_0': EntityStatsOnHit.0.Target
[2026/06/22 19:04:38   WARN]         [AssetStore|Interaction] Unused key(s) in '**Primal_Shark_Tooth_InteractionVars_Swing_Down_Damage_Interactions_0': EntityStatsOnHit.0.Target
[2026/06/22 19:04:38   WARN]         [AssetStore|Interaction] Unused key(s) in '**Elder_Shark_Tooth_InteractionVars_Vortexstrike_Spin_Damage_Interactions_0': EntityStatsOnHit.0.Target
[2026/06/22 19:04:38   WARN]         [AssetStore|Interaction] Unused key(s) in '**Shark_Tooth_InteractionVars_Swing_Right_Damage_Interactions_0': EntityStatsOnHit.0.Target
[2026/06/22 19:04:38   WARN]         [AssetStore|Interaction] Unused key(s) in '**Shark_Tooth_InteractionVars_Vortexstrike_Stab_Damage_Interactions_0': EntityStatsOnHit.0.Target
[2026/06/22 19:04:38   WARN]         [AssetStore|Interaction] Unused key(s) in '**Elder_Shark_Tooth_InteractionVars_Vortexstrike_Stab_Damage_Interactions_0': EntityStatsOnHit.0.Target
[2026/06/22 19:04:38   WARN]         [AssetStore|Interaction] Unused key(s) in '**Shark_Tooth_InteractionVars_Thrust_Damage_Interactions_0': EntityStatsOnHit.1.Target
[2026/06/22 19:04:38   WARN]         [AssetStore|Interaction] Unused key(s) in '**Elder_Shark_Tooth_InteractionVars_Swing_Down_Damage_Interactions_0': EntityStatsOnHit.0.Target
[2026/06/22 19:04:38   WARN]         [AssetStore|Interaction] Unused key(s) in '**Primal_Bear_Skin_InteractionVars_Groundslam_Damage_Interactions_0': EntityStatsOnHit.0.Target
[2026/06/22 19:04:38   WARN]         [AssetStore|Interaction] Unused key(s) in '**Verdant_Shark_Tooth_InteractionVars_Thrust_Damage_Interactions_0': EntityStatsOnHit.1.Target
[2026/06/22 19:04:38   WARN]         [AssetStore|Interaction] Unused key(s) in '**Primal_Shark_Tooth_InteractionVars_Thrust_Damage_Interactions_0': EntityStatsOnHit.1.Target
[2026/06/22 19:04:38   WARN]           [AssetStore|BlockType] Unused key(s) in 'Druid_Shrine': State.Id
[2026/06/22 19:04:39   INFO]                   [ItemModule|P] Computed damage data for 12 of 12 weapon items
[2026/06/22 19:04:39   INFO]            [AssetRegistryLoader] Took 243ms 991us to load all assets
[2026/06/22 19:04:39   INFO]                         [Hytale] Loading NPC assets phase...
[2026/06/22 19:04:39   INFO]                          [NPC|P] Starting to load NPC builders!
[2026/06/22 19:04:39   WARN]                          [NPC|P] Replacing asset 'Test_Patrol_Path' of file '/Server/NPC/Roles/_Core/Tests_Development/Test_Patrol_Path.json' with other file '/Server/NPC/Roles/_Core/Tests/Paths/Test_Patrol_Path.json'
[2026/06/22 19:04:40   INFO]                          [NPC|P] Validating loaded NPC configurations...
[2026/06/22 19:04:40   WARN]                          [NPC|P] Animation Eat does not exist for model Trillodon!
[2026/06/22 19:04:40   WARN]                          [NPC|P] Animation Alerted does not exist for model Kweebec_Rootling!
[2026/06/22 19:04:40   WARN]                          [NPC|P] Animation Moo does not exist for model Bison_Calf!
[2026/06/22 19:04:40   WARN]                          [NPC|P] Animation Eat does not exist for model Lizard_Sand!
[2026/06/22 19:04:40   WARN]                          [NPC|P] Animation Swipe does not exist for model Goblin_Ogre!
[2026/06/22 19:04:40   WARN]                          [NPC|P] Animation Throw does not exist for model Goblin_Ogre!
[2026/06/22 19:04:40   WARN]                          [NPC|P] Animation Alerted does not exist for model Scarak_Broodmother!
[2026/06/22 19:04:40   WARN]                          [NPC|P] Animation Alerted does not exist for model Scarak_Broodmother!
[2026/06/22 19:04:40   WARN]                          [NPC|P] Animation Alerted does not exist for model Scarak_Broodmother!
[2026/06/22 19:04:40   WARN]                          [NPC|P] Animation Sleep does not exist for model Wraith_Lantern!
[2026/06/22 19:04:40   WARN]                          [NPC|P] Animation Alerted does not exist for model Wraith_Lantern!
[2026/06/22 19:04:40   WARN]                          [NPC|P] Animation Laydown does not exist for model Wraith_Lantern!
[2026/06/22 19:04:40   WARN]                          [NPC|P] Animation Wake does not exist for model Wraith_Lantern!
[2026/06/22 19:04:40   WARN]                          [NPC|P] Animation Eat does not exist for model Spark_Living!
[2026/06/22 19:04:41   WARN]                          [NPC|P] Animation Swipe does not exist for model Goblin!
[2026/06/22 19:04:41   WARN]                          [NPC|P] Animation Sleep does not exist for model Slug_Magma!
[2026/06/22 19:04:41   WARN]                          [NPC|P] Animation Alerted does not exist for model Slug_Magma!
[2026/06/22 19:04:41   WARN]                          [NPC|P] Animation Laydown does not exist for model Slug_Magma!
[2026/06/22 19:04:41   WARN]                          [NPC|P] Animation Wake does not exist for model Slug_Magma!
[2026/06/22 19:04:41   WARN]                          [NPC|P] Animation Idle does not exist for model Tuluk_Fisherman!
[2026/06/22 19:04:41   WARN]                          [NPC|P] Animation Eat does not exist for model Hatworm!
[2026/06/22 19:04:41   INFO]                          [NPC|P] Validation complete.
[2026/06/22 19:04:41   INFO]                          [NPC|P] Loaded 973 NPC configurations, Test: 261, Component: 144, Abstract: 53, Variant: 456, Generic: 61
[2026/06/22 19:04:41   INFO]                          [NPC|P] Starting to load NPC builders!
[2026/06/22 19:04:41   INFO]                          [NPC|P] Validating loaded NPC configurations...
[2026/06/22 19:04:41   WARN]                          [NPC|P] Animation Eat does not exist for model Trillodon!
[2026/06/22 19:04:41   WARN]                          [NPC|P] Animation Alerted does not exist for model Kweebec_Rootling!
[2026/06/22 19:04:41   WARN]                          [NPC|P] Animation Moo does not exist for model Bison_Calf!
[2026/06/22 19:04:41   WARN]                          [NPC|P] Animation Eat does not exist for model Lizard_Sand!
[2026/06/22 19:04:41   WARN]                          [NPC|P] Animation Swipe does not exist for model Goblin_Ogre!
[2026/06/22 19:04:41   WARN]                          [NPC|P] Animation Throw does not exist for model Goblin_Ogre!
[2026/06/22 19:04:41   WARN]                          [NPC|P] Animation Alerted does not exist for model Scarak_Broodmother!
[2026/06/22 19:04:41   WARN]                          [NPC|P] Animation Alerted does not exist for model Scarak_Broodmother!
[2026/06/22 19:04:41   WARN]                          [NPC|P] Animation Alerted does not exist for model Scarak_Broodmother!
[2026/06/22 19:04:41   WARN]                          [NPC|P] Animation Sleep does not exist for model Wraith_Lantern!
[2026/06/22 19:04:41   WARN]                          [NPC|P] Animation Alerted does not exist for model Wraith_Lantern!
[2026/06/22 19:04:41   WARN]                          [NPC|P] Animation Laydown does not exist for model Wraith_Lantern!
[2026/06/22 19:04:41   WARN]                          [NPC|P] Animation Wake does not exist for model Wraith_Lantern!
[2026/06/22 19:04:41   WARN]                          [NPC|P] Animation Eat does not exist for model Spark_Living!
[2026/06/22 19:04:41   WARN]                          [NPC|P] Animation Swipe does not exist for model Goblin!
[2026/06/22 19:04:41   WARN]                          [NPC|P] Animation Sleep does not exist for model Slug_Magma!
[2026/06/22 19:04:41   WARN]                          [NPC|P] Animation Alerted does not exist for model Slug_Magma!
[2026/06/22 19:04:41   WARN]                          [NPC|P] Animation Laydown does not exist for model Slug_Magma!
[2026/06/22 19:04:41   WARN]                          [NPC|P] Animation Wake does not exist for model Slug_Magma!
[2026/06/22 19:04:41   WARN]                          [NPC|P] Animation Idle does not exist for model Tuluk_Fisherman!
[2026/06/22 19:04:41   WARN]                          [NPC|P] Animation Eat does not exist for model Hatworm!
[2026/06/22 19:04:41   INFO] [NPC|P] Validation complete.
[2026/06/22 19:04:41   INFO] [NPC|P] Loaded 974 NPC configurations, Generic: 1
[2026/06/22 19:04:41   INFO] [Hytale] Loading NPC assets phase completed! Boot time 16sec 47ms 884us 100ns, Took 2sec 165ms 335us 700ns
[2026/06/22 19:04:41   INFO] [Hytale] Validating Spawn assets phase...
[2026/06/22 19:04:41   INFO] [Hytale] Spawn assets validation phase completed! Boot time 16sec 50ms 83us 300ns, Took 2ms 44us 200ns
[2026/06/22 19:04:41   INFO] [HytaleServer] Starting plugin manager...
[2026/06/22 19:04:41   INFO] [PluginManager] Enabled plugin Hytale:AccessControlModule
[2026/06/22 19:04:41   INFO] [PluginManager] Enabled plugin Hytale:AnchorActionModule
[2026/06/22 19:04:41   INFO] [PluginManager] Enabled plugin Hytale:AssetModule
[2026/06/22 19:04:41   INFO] [PluginManager] Enabled plugin Hytale:BlockSetModule
[2026/06/22 19:04:41   INFO] [PluginManager] Enabled plugin Hytale:CollisionModule
[2026/06/22 19:04:41   INFO] [PluginManager] Enabled plugin Hytale:CommandMacro
[2026/06/22 19:04:41   INFO] [PluginManager] Enabled plugin Hytale:ConsoleModule
[2026/06/22 19:04:41   INFO] [PluginManager] Enabled plugin Hytale:CosmeticsModule
[2026/06/22 19:04:41   INFO] [PluginManager] Enabled plugin Hytale:CrouchSlide
[2026/06/22 19:04:41   INFO] [PluginManager] Enabled plugin Hytale:DebugPlugin
[2026/06/22 19:04:41   INFO] [PluginManager] Enabled plugin Hytale:DiscoveryModule
[2026/06/22 19:04:41   INFO] [HytaleGenerator] Using 7 out of 8 available threads.
[2026/06/22 19:04:41   INFO]   [PluginManager] Enabled plugin Hytale:HytaleGenerator
[2026/06/22 19:04:41   INFO]   [PluginManager] Enabled plugin Hytale:ItemModule
[2026/06/22 19:04:41   INFO]   [PluginManager] Enabled plugin Hytale:LANDiscovery
[2026/06/22 19:04:41   INFO]   [PluginManager] Enabled plugin Hytale:LegacyModule
[2026/06/22 19:04:41   INFO] [LiveConfigModule] LiveConfig starting (patchline=release, os=windows, arch=amd64)
[2026/06/22 19:04:41   INFO]    [PluginManager] Enabled plugin Hytale:LiveConfigModule
[2026/06/22 19:04:41   INFO]    [PluginManager] Enabled plugin Hytale:Mantling
[2026/06/22 19:04:41   INFO]    [PluginManager] Enabled plugin Hytale:MigrationModule
[2026/06/22 19:04:41   INFO]    [PluginManager] Enabled plugin Hytale:PermissionsModule
[2026/06/22 19:04:41   INFO]    [PluginManager] Enabled plugin Hytale:SafetyRoll
[2026/06/22 19:04:41   INFO]    [PluginManager] Enabled plugin Hytale:ServerManager
[2026/06/22 19:04:41   INFO]    [PluginManager] Enabled plugin Hytale:SplitVelocity
[2026/06/22 19:04:41   INFO]    [PluginManager] Enabled plugin Hytale:SprintForce
[2026/06/22 19:04:41   INFO]    [PluginManager] Enabled plugin Hytale:TagSet
[2026/06/22 19:04:41   INFO]    [PluginManager] Enabled plugin Hytale:TimeModule
[2026/06/22 19:04:41   INFO]    [PluginManager] Enabled plugin Hytale:Universe
[2026/06/22 19:04:41   INFO]  [ServerManager|P] Listening on /[0:0:0:0:0:0:0:0]:5520 and took 3ms 518us 400ns
[2026/06/22 19:04:41   WARN]     [UpdateModule] Update checker disabled: invalid folder layout. Expected to run from Server/ with Assets.zip and start.sh/bat in parent directory.
[2026/06/22 19:04:41   INFO]    [PluginManager] Enabled plugin Hytale:UpdateModule
[2026/06/22 19:04:41   INFO]    [PluginManager] Enabled plugin Hytale:WorldLocationCondition
[2026/06/22 19:04:41   INFO]    [PluginManager] Enabled plugin Hytale:BlockHealthModule
[2026/06/22 19:04:41   INFO]    [PluginManager] Enabled plugin Hytale:BlockModule
[2026/06/22 19:04:41   INFO]    [PluginManager] Enabled plugin Hytale:BlockTick
[2026/06/22 19:04:41   INFO]    [PluginManager] Enabled plugin Hytale:BlockTypeModule
[2026/06/22 19:04:41   INFO]    [PluginManager] Enabled plugin Hytale:CommonAssetModule
[2026/06/22 19:04:41   INFO]    [PluginManager] Enabled plugin Hytale:EntityModule
[2026/06/22 19:04:41   INFO]    [PluginManager] Enabled plugin Hytale:FlyCameraModule
[2026/06/22 19:04:41   INFO]  [ServerManager|P] Listening on /0.0.0.0:5520 and took 1ms 447us 100ns
[2026/06/22 19:04:41   INFO]    [PluginManager] Enabled plugin Hytale:I18nModule
[2026/06/22 19:04:41   INFO]  [ServerManager|P] Listening on /[0:0:0:0:0:0:0:1]:5520 and took 1ms 673us 100ns
[2026/06/22 19:04:41   INFO]    [PluginManager] Enabled plugin Hytale:Model
[2026/06/22 19:04:41   INFO]    [PluginManager] Enabled plugin Hytale:RandomTick
[2026/06/22 19:04:41   INFO]    [PluginManager] Enabled plugin Hytale:ServerPlayerListModule
[2026/06/22 19:04:41   INFO]    [PluginManager] Enabled plugin Hytale:TelemetryModule
[2026/06/22 19:04:41   INFO]    [PluginManager] Enabled plugin Hytale:Ambience
[2026/06/22 19:04:41   INFO]    [PluginManager] Enabled plugin Hytale:AssetEditor
[2026/06/22 19:04:41   INFO]    [PluginManager] Enabled plugin Hytale:Audio
[2026/06/22 19:04:41   INFO]    [PluginManager] Enabled plugin Hytale:FallingBlocks
[2026/06/22 19:04:41   INFO]    [PluginManager] Enabled plugin Hytale:Fluid
[2026/06/22 19:04:41   INFO]    [PluginManager] Enabled plugin Hytale:InteractionModule
[2026/06/22 19:04:41   INFO]    [PluginManager] Enabled plugin Hytale:Parkour
[2026/06/22 19:04:41   INFO]    [PluginManager] Enabled plugin Hytale:PrefabSpawnerModule
[2026/06/22 19:04:41   INFO]    [PluginManager] Enabled plugin Hytale:ProjectileModule
[2026/06/22 19:04:41   INFO]    [PluginManager] Enabled plugin Hytale:Reputation
[2026/06/22 19:04:41   INFO]    [PluginManager] Enabled plugin Hytale:Stash
[2026/06/22 19:04:41   INFO]    [PluginManager] Enabled plugin Hytale:Teleport
[2026/06/22 19:04:41   INFO]    [VoiceModule|P] [Voice] Started position cache update task (100ms interval)
[2026/06/22 19:04:41   INFO]    [PluginManager] Enabled plugin Hytale:VoiceModule
[2026/06/22 19:04:41   INFO]    [PluginManager] Enabled plugin Hytale:Weather
[2026/06/22 19:04:41   INFO]    [PluginManager] Enabled plugin Hytale:WorldGen
[2026/06/22 19:04:41   INFO]    [PluginManager] Enabled plugin Hytale:BlockPhysics
[2026/06/22 19:04:41   INFO]    [PluginManager] Enabled plugin Hytale:BuilderTools
[2026/06/22 19:04:41   INFO]    [PluginManager] Enabled plugin Hytale:ConnectedBlocksModule
[2026/06/22 19:04:41   INFO]    [PluginManager] Enabled plugin Hytale:Crafting
[2026/06/22 19:04:41   INFO]    [PluginManager] Enabled plugin Hytale:Deployables
[2026/06/22 19:04:41   INFO]    [PluginManager] Enabled plugin Hytale:EntityStatsModule
[2026/06/22 19:04:41   INFO]    [PluginManager] Enabled plugin Hytale:Locate
[2026/06/22 19:04:41   INFO]    [PluginManager] Enabled plugin Hytale:Objectives
[2026/06/22 19:04:41   INFO]  [BarterShopState] No saved barter shop state found, starting fresh
[2026/06/22 19:04:41   INFO]           [Shop|P] Barter shop state initialized
[2026/06/22 19:04:41   INFO]    [PluginManager] Enabled plugin Hytale:Shop
[2026/06/22 19:04:41   INFO]    [PluginManager] Enabled plugin Hytale:SingleplayerModule
[2026/06/22 19:04:41   INFO]    [PluginManager] Enabled plugin Hytale:Teleporter
[2026/06/22 19:04:41   INFO]    [PluginManager] Enabled plugin Hytale:BlockSpawner
[2026/06/22 19:04:41   INFO]    [PluginManager] Enabled plugin Hytale:EntityUIModule
[2026/06/22 19:04:41   INFO]    [PluginManager] Enabled plugin Hytale:Farming
[2026/06/22 19:04:41   INFO]    [PluginManager] Enabled plugin Hytale:Instances
[2026/06/22 19:04:41   INFO]    [PluginManager] Enabled plugin Hytale:ObjectiveReputation
[2026/06/22 19:04:41   INFO]    [PluginManager] Enabled plugin Hytale:ObjectiveShop
[2026/06/22 19:04:41   INFO]    [PluginManager] Enabled plugin Hytale:Path
[2026/06/22 19:04:41   INFO]    [PluginManager] Enabled plugin Hytale:ShopReputation
[2026/06/22 19:04:41   INFO]    [PluginManager] Enabled plugin Hytale:StaminaModule
[2026/06/22 19:04:41   INFO]    [PluginManager] Enabled plugin Hytale:CreativeHub
[2026/06/22 19:04:41   INFO]    [PluginManager] Enabled plugin Hytale:DamageModule
[2026/06/22 19:04:41   INFO]    [PluginManager] Enabled plugin Hytale:Camera
[2026/06/22 19:04:41   INFO]    [PluginManager] Enabled plugin Hytale:NPC
[2026/06/22 19:04:41   INFO]    [PluginManager] Enabled plugin Hytale:Flock
[2026/06/22 19:04:41   INFO]    [World|default] Loading world 'default' with generator type: 'HytaleWorldGenProvider{name='Default', version=0.0.0, path='null'}' and chunk storage: 'DefaultChunkStorageProvider{DEFAULT=IndexedStorageChunkStorageProvider{}}'...
[2026/06/22 19:04:41   INFO]    [World|default] Added world 'default' - Seed: 1772296600142, GameTime: 0001-01-01T05:30:00Z
[2026/06/22 19:04:41   INFO]    [PluginManager] Enabled plugin Hytale:Memories
[2026/06/22 19:04:41   INFO]    [PluginManager] Enabled plugin Hytale:Mounts
[2026/06/22 19:04:41   INFO]    [PluginManager] Enabled plugin Hytale:NPCCombatActionEvaluator
[2026/06/22 19:04:41   INFO]    [PluginManager] Enabled plugin Hytale:NPCEditor
[2026/06/22 19:04:41   INFO]    [PluginManager] Enabled plugin Hytale:NPCReputation
[2026/06/22 19:04:41   INFO]    [PluginManager] Enabled plugin Hytale:NPCShop
[2026/06/22 19:04:41   INFO]    [PluginManager] Enabled plugin Hytale:Portals
[2026/06/22 19:04:41   WARN]       [Spawning|P] NPCSpawn Spawns_Zone2_Fish_Shores references multiple times NPC Jellyfish_Blue. Ignoring all but first.
[2026/06/22 19:04:41   WARN]       [Spawning|P] NPCSpawn Wander_Zone2_Tier2 references multiple times NPC Skeleton_Sand_Guard_Wander. Ignoring all but first.
[2026/06/22 19:04:41   INFO]       [Spawning|P] Successfully set up 96 world spawn configurations
[2026/06/22 19:04:41   INFO]       [Spawning|P] Successfully set up 84 beacon spawn configurations
[2026/06/22 19:04:41   INFO]    [PluginManager] Enabled plugin Hytale:Spawning
[2026/06/22 19:04:41   INFO]    [PluginManager] Enabled plugin Hytale:TriggerVolumes
[2026/06/22 19:04:41   INFO]    [PluginManager] Enabled plugin Hytale:Beds
[2026/06/22 19:04:41   INFO]    [PluginManager] Enabled plugin Hytale:NPCObjectives
[2026/06/22 19:04:41   INFO]     [HytaleServer] Plugin manager started! Startup time so far: 16sec 128ms 782us 900ns
[2026/06/22 19:04:41   INFO]     [HytaleServer] Getting Hytale Universe ready...
[2026/06/22 19:04:41   INFO]   [WorldGenerator] Loading world-gen with the following asset-packs (highest priority first):
[2026/06/22 19:04:41   INFO]   [WorldGenerator] - [  0] Hytale:Hytale:0.0.0 - [C:\Users\Ross\AppData\Roaming\Hytale\install\release\package\game\latest\Assets.zip]
[2026/06/22 19:04:41   INFO]   [WorldGenerator] Set prefab-loader config: path=/Server/World/Default, store=ASSETS
[2026/06/22 19:04:43   INFO]   [WorldGenerator] Initialized ChunkGenerator-0 executor
[2026/06/22 19:04:43   INFO]   [WorldGenerator] Found location for unique zone 'Zone1_Spawn' -> Position: {1684, -231}, Score: 85.91%, Time: 6ms
[2026/06/22 19:04:43   INFO]   [WorldGenerator] Found location for unique zone 'Zone1_Temple' -> Position: {1773, 2}, Score: 84.97%, Time: 0ms
